-- phpMyAdmin SQL Dump
-- version 4.1.8
-- http://www.phpmyadmin.net
--
-- Host: localhost:8889
-- Generation Time: Mar 12, 2014 at 03:28 AM
-- Server version: 5.5.34
-- PHP Version: 5.5.10

SET SQL_MODE = "NO_AUTO_VALUE_ON_ZERO";
SET time_zone = "+00:00";


/*!40101 SET @OLD_CHARACTER_SET_CLIENT=@@CHARACTER_SET_CLIENT */;
/*!40101 SET @OLD_CHARACTER_SET_RESULTS=@@CHARACTER_SET_RESULTS */;
/*!40101 SET @OLD_COLLATION_CONNECTION=@@COLLATION_CONNECTION */;
/*!40101 SET NAMES utf8 */;

--
-- Database: `wob_db`
--

-- --------------------------------------------------------

--
-- Table structure for table `avatar`
--

CREATE TABLE `avatar` (
  `avatar_id` int(10) unsigned NOT NULL AUTO_INCREMENT,
  `name` varchar(100) NOT NULL,
  `type` int(10) unsigned NOT NULL,
  `experience` int(10) unsigned NOT NULL DEFAULT '0',
  `ability_points` int(10) unsigned NOT NULL DEFAULT '0',
  `currency` int(10) unsigned NOT NULL DEFAULT '0',
  `player_id` int(10) unsigned NOT NULL,
  `level` tinyint(3) unsigned NOT NULL DEFAULT '1',
  `last_played` timestamp NOT NULL DEFAULT '1970-01-01 08:00:00',
  `create_time` timestamp NOT NULL DEFAULT CURRENT_TIMESTAMP,
  PRIMARY KEY (`avatar_id`),
  KEY `type` (`type`),
  KEY `player_id` (`player_id`)
) ENGINE=InnoDB  DEFAULT CHARSET=utf8 AUTO_INCREMENT=31 ;

--
-- Dumping data for table `avatar`
--

INSERT INTO `avatar` (`avatar_id`, `name`, `type`, `experience`, `ability_points`, `currency`, `player_id`, `level`, `last_played`, `create_time`) VALUES
(1, '1', 1, 3268, 0, 700, 1, 3, '2013-06-12 22:37:20', '1970-01-01 08:00:00'),
(2, '2', 1, 0, 0, 100, 2, 1, '2013-05-07 06:41:46', '1970-01-01 08:00:00'),
(3, '3', 1, 0, 0, 100, 3, 1, '1970-01-01 08:00:00', '1970-01-01 08:00:00');

-- --------------------------------------------------------

--
-- Table structure for table `avatar_type`
--

CREATE TABLE `avatar_type` (
  `avatar_type_id` int(10) unsigned NOT NULL AUTO_INCREMENT,
  `name` varchar(45) NOT NULL,
  PRIMARY KEY (`avatar_type_id`)
) ENGINE=InnoDB  DEFAULT CHARSET=utf8 AUTO_INCREMENT=4 ;

--
-- Dumping data for table `avatar_type`
--

INSERT INTO `avatar_type` (`avatar_type_id`, `name`) VALUES
(1, 'Planter'),
(2, 'Breeder'),
(3, 'Weather Man');

-- --------------------------------------------------------

--
-- Table structure for table `badge_data`
--

CREATE TABLE `badge_data` (
  `player_id` int(10) unsigned NOT NULL,
  `badge_id` int(10) unsigned NOT NULL,
  `amount` int(10) unsigned NOT NULL,
  `progress` int(10) unsigned NOT NULL,
  PRIMARY KEY (`player_id`,`badge_id`)
) ENGINE=InnoDB DEFAULT CHARSET=utf8;

--
-- Dumping data for table `badge_data`
--

INSERT INTO `badge_data` (`player_id`, `badge_id`, `amount`, `progress`) VALUES
(1, 1, 18, 0),
(1, 2, 3, 0),
(2, 1, 0, 0),
(2, 2, 0, 0);

-- --------------------------------------------------------

--
-- Table structure for table `biomass_csv`
--

CREATE TABLE `biomass_csv` (
  `manipulation_id` varchar(45) NOT NULL,
  `csv` text NOT NULL,
  PRIMARY KEY (`manipulation_id`)
) ENGINE=MyISAM DEFAULT CHARSET=utf8;

--
-- Dumping data for table `biomass_csv`
--

INSERT INTO `biomass_csv` (`manipulation_id`, `csv`) VALUES
('14c7ece7-c244-45e3-b0f2-674e0557f1a8', ',1,2\n"Tree Mouse",1000.0,5000.0\n"Flies",,5000.0\n"Dwarf Puddle Frog",1000.0,5000.0'),
('c138b9ff-c334-4c2b-b55e-f71dccac41b0', ',2\n"Tree Mouse",5000.0\n"Flies",5000.0\n"Dwarf Puddle Frog",5000.0'),
('c83cb84b-adc6-4752-ba5c-e6a9bf373e22', ',1,2,3,4\n"Tree Mouse",5000.0,4347.386360168457,3500.998020172119,2668.1838035583496\n"Flies",5000.0,15500.436782836914,6476.7303466796875,3051.7966747283936\n"Scorpion",3000.0,2889.007329940796,3238.192558288574,2859.7912788391113\n"Dwarf Puddle Frog",5000.0,5419.722557067871,9292.742729187012,8478.865623474121'),
('1d9cf63b-4f16-4c00-847c-0d2c94a4965c', ',1,2,3,4,5,6\n"Tree Mouse",5000.0,4348.959445953369,3498.131036758423,2585.1399898529053,1744.3348169326782,1098.4704494476318\n"Flies",5000.0,3026.257038116455,1218.1355953216553,244.8800504207611,4.3024239130318165,2.4081532323805277E-6\n"Scorpion",5000.0,4746.408939361572,4255.026340484619,3556.368112564087,2781.934976577759,2070.9965229034424\n"Dwarf Puddle Frog",5000.0,5370.289325714111,5238.903999328613,4295.735836029053,2888.3073329925537,1710.6189727783203'),
('a57bdec2-80c8-4c40-a063-bdbfb2bdfac4', ',1,2,3,4,5,6,7,8,9,10,11,12,13\n"Nile Crocodile",500.0,504.086434841156,506.7950487136841,504.16702032089233,492.55257844924927,491.7621314525604,531.9895148277283,559.2479705810547,544.3668365478516,497.12517857551575,433.99640917778015,368.35789680480957,305.1455318927765\n"African Fish Eagle",500.0,439.2569363117218,359.8257303237915,274.18994903564453,193.6146765947342,650.6496667861938,1509.069323539734,870.1726794242859,458.22590589523315,224.7261106967926,102.92330384254456,47.687891870737076,18.809566274285316\n"African Marsh Owl",500.0,560.8270764350891,576.8725275993347,510.57761907577515,389.7121548652649,330.0670385360718,258.85704159736633,148.58004450798035,79.07561957836151,39.192866533994675,18.14810000360012,8.488310500979424,3.3908591140061617\n"Cape Teal",,,,,1500.0,1500.0005960464478,0.0018206803815701278,1.967575546935052E-7,4.639971675109156E-10,9.351501235703441E-12,4.2609658892404597E-13,0,\n"Black Mamba",500.0,327.5600075721741,159.69422459602356,56.55722692608833,14.312592335045338,5.777952261269093,2.3290743120014668,0.8478770032525063,0.37006655475124717,0.1828417443903163,0.09629657870391384,0.053903149819234386,0.02825244882842526\n"African Clawless Otter",500.0,432.0290982723236,344.0457880496979,251.18517875671387,167.00845956802368,389.3052041530609,672.590434551239,355.24243116378784,164.9533361196518,69.68273967504501,27.425095438957214,11.384979821741581,3.9894776418805122\n"Lappet-Faced Vulture",6500.0,5710.3400230407715,4677.734375,3564.4690990448,2516.9906616210938,2314.143180847168,1991.2229776382446,1129.2510032653809,594.651997089386,291.63306951522827,133.56631994247437,61.88585236668587,24.40967783331871\n"African Grey Hornbill",,,,,1500.0,2020.0071334838867,34.06555578112602,0.004691641152021475,1.3671063392450833E-5,3.470665144167384E-7,3.775599971556076E-8,1.1296362283086392E-8,3.9762889161854E-9'),
('f5a97820-51d0-47c2-9b37-141fcb7427ed', ',1,2,3,4,5,6\n"Tree Mouse",5000.0,4348.049640655518,3498.2125759124756,2587.291717529297,1743.8188791275024,1097.4494218826294\n"Flies",5000.0,3011.394739151001,1221.3971614837646,257.5061619281769,1.336263376288116,1.0892114987726131E-6\n"Dwarf Puddle Frog",5000.0,5539.774417877197,5473.539352416992,4501.90544128418,3035.2282524108887,1794.481635093689'),
('a8914cc6-94f5-4c23-863f-06fa1014126c', ',1,2,3,4,5,6,7,8,9,10,11,12\n"Tree Mouse",5000.0,4348.049640655518,3498.2125759124756,2587.291717529297,1743.8188791275024,1098.4996557235718,636.638879776001,351.2413501739502,179.85647916793823,84.82721447944641,36.5789532661438,14.294909313321114\n"Katydids",,,,,1500.0,2616.9190406799316,1849.2859601974487,1259.3817710876465,816.4984583854675,502.72881984710693,293.13787817955017,161.36471927165985\n"Flies",5000.0,3011.394739151001,1221.3971614837646,257.5061619281769,1.336263376288116,2.1417041751181642E-8,8.387394511560897E-10,0,,,,\n"Scorpion",,,,,,,,,,,,2000.0\n"Dwarf Puddle Frog",5000.0,5539.774417877197,5473.539352416992,4501.90544128418,3035.2282524108887,1796.4932918548584,966.4176106452942,493.1996166706085,231.6112071275711,99.03186559677124,38.181401789188385,13.115892186760902'),
('aa14226b-7f17-49a7-981e-518e29d5aa61', ',1,2\n"Tree Mouse",5000.0,4348.049640655518\n"Flies",5000.0,3011.394739151001\n"Dwarf Puddle Frog",5000.0,5539.774417877197'),
('de86fb56-34a5-4c06-b6e3-5f069f28b0c0', ',1,2,3,4,5,6,7\n"Tree Mouse",5000.0,4348.049640655518,3498.2125759124756,2587.291717529297,1743.8188791275024,1097.4494218826294,643.5683965682983\n"Flies",5000.0,3011.394739151001,1221.3971614837646,257.5061619281769,1.336263376288116,1.0892114987726131E-6,1.3877543862325648E-10\n"Dwarf Puddle Frog",5000.0,5539.774417877197,5473.539352416992,4501.90544128418,3035.2282524108887,1794.481635093689,979.7311425209045'),
('f857ccf8-eb41-406d-b537-d348befb9d0a', ',1,2,3\n"Tree Mouse",5000.0,4348.049640655518,3498.2125759124756\n"Flies",5000.0,3011.394739151001,1221.3971614837646\n"Dwarf Puddle Frog",5000.0,5539.774417877197,5473.539352416992'),
('42b81089-122d-423b-a429-841e648172d8', ',1,2,3,4,5,6,7,8,9,10,11\n"Tree Mouse",5000.0,4348.049640655518,3498.2125759124756,2587.291717529297,1743.8188791275024,1097.4494218826294,643.5683965682983,354.99313473701477,176.78679525852203,91.19854867458344,40.83816707134247\n"Flies",5000.0,3011.394739151001,1221.3971614837646,257.5061619281769,1.336263376288116,1.0892114987726131E-6,1.3877543862325648E-10,7.128640401399624E-13,2.956730960663441E-14,7.831051207937521E-15,0\n"Dwarf Puddle Frog",5000.0,5539.774417877197,5473.539352416992,4501.90544128418,3035.2282524108887,1794.481635093689,979.7311425209045,500.2158284187317,226.70242190361023,109.04326289892197,44.129449874162674'),
('f83c5fac-fa61-418d-9a99-002a9511df3c', ',1\n"Nile Crocodile",500.0\n"Southern Ground Hornbill",500.0\n"Black Mamba",500.0'),
('72c8a6cc-24a5-4943-9409-ff1337b4671c', ',1,2,3,4,5,6,7\n"Hooded Vulture",3500.0,3067.0976638793945,2498.0602264404297,1880.108118057251,1298.7486124038696,848.9709496498108,523.4615802764893\n"Southern Ground Hornbill",14000.0,12548.704147338867,10597.430229187012,8400.285720825195,6223.267078399658,4397.678375244141,2957.2722911834717\n"Lappet-Faced Vulture",6500.0,5705.033779144287,4658.423900604248,3518.9499855041504,2443.0088996887207,1605.8145761489868,996.2097406387329\n"Rufous Beaked Snake",6000.0,5291.347026824951,4353.915214538574,3325.443983078003,2343.533515930176,1566.2543773651123,989.7671341896057'),
('eba8cebd-43db-4815-9e31-22c9d63364bf', ',1,2,3,4\n"Tree Mouse",5000.0,4348.049640655518,3498.2125759124756,2587.291717529297\n"Flies",5000.0,3011.394739151001,1221.3971614837646,257.5061619281769\n"Dwarf Puddle Frog",5000.0,5539.774417877197,5473.539352416992,4501.90544128418'),
('3f1c3039-9fc3-4e7b-b781-07f332dfb188', ',1,2,3,4\n"Tree Mouse",5000.0,4348.049640655518,3498.2125759124756,2587.291717529297\n"Flies",5000.0,3011.394739151001,1221.3971614837646,257.5061619281769\n"Dwarf Puddle Frog",5000.0,5539.774417877197,5473.539352416992,4501.90544128418'),
('96116b9b-15fc-4205-a7ad-a5add3de7b42', ',1,2,3,4,5,6,7,8,9\n"Tree Mouse",5000.0,4348.049640655518,3498.2125759124756,2587.291717529297,1743.8188791275024,1097.4494218826294,643.5683965682983,354.99313473701477,176.78679525852203\n"Flies",5000.0,3011.394739151001,1221.3971614837646,257.5061619281769,1.336263376288116,1.0892114987726131E-6,1.3877543862325648E-10,7.128640401399624E-13,2.956730960663441E-14\n"Dwarf Puddle Frog",5000.0,5539.774417877197,5473.539352416992,4501.90544128418,3035.2282524108887,1794.481635093689,979.7311425209045,500.2158284187317,226.70242190361023'),
('107cd200-cf8f-4d8a-a3a5-efd2b10d6485', ',1,2,3,4,5,6,7,8,9,10,11,12,13,14,15,16,17,18,19,20,21,22,23\n"Nile Crocodile",24500.0,23792.892456054688,22761.4688873291,21447.1378326416,19898.880004882812,18194.608688354492,16391.448974609375,14551.453590393066,12728.410720825195,10963.125228881836,9300.956726074219,7784.562587738037,6432.36780166626,5243.138790130615,4213.459491729736,3333.693265914917,2596.240282058716,1989.6937608718872,1500.153660774231,1112.4376058578491,812.2586607933044,584.8190784454346,415.1169955730438\n"Southern Ground Hornbill",1500.0,2347.7725982666016,2960.2041244506836,2850.917100906372,2254.4760704040527,1587.3442888259888,1053.2869100570679,661.4198088645935,392.48335361480713,217.9236263036728,113.58039826154709,57.220179587602615,28.111472725868225,13.299803249537945,6.008532363921404,2.540825866162777,1.0009920224547386,0.3654189931694418,0.12283575779292732,0.037740559491794556,0.010781566743389703,0.002941519824162242,7.64740320846613E-4\n"Black Mamba",3500.0,2167.637825012207,870.5059289932251,193.60695779323578,4.749133717268705,0.002662028009581263,7.53107798345809E-6,1.0245653631058005E-7,4.114630944990205E-9,3.7141337639982897E-10,6.436463775155721E-11,2.0097438931153747E-11,8.334207042754501E-12,3.881745744743802E-12,1.876911932217071E-12,4.2356157813159146E-13,0,,,,,,'),
('2d11e387-5c52-411d-9343-eaaf61c6dde8', ',1,2\n"Tree Mouse",5000.0,4348.049640655518\n"Flies",5000.0,3011.394739151001\n"Dwarf Puddle Frog",5000.0,5539.774417877197'),
('d5bf37af-1c87-4841-b456-8ce473d5db32', ',1,2,3,4,5,6,7,8,9,10\n"Tree Mouse",5000.0,4348.049640655518,3498.2125759124756,2587.291717529297,1743.8188791275024,1097.4494218826294,643.5683965682983,354.99313473701477,176.78679525852203,91.19854867458344\n"Flies",5000.0,3011.394739151001,1221.3971614837646,257.5061619281769,1.336263376288116,1.0892114987726131E-6,1.3877543862325648E-10,7.128640401399624E-13,2.956730960663441E-14,7.831051207937521E-15\n"Dwarf Puddle Frog",5000.0,5539.774417877197,5473.539352416992,4501.90544128418,3035.2282524108887,1794.481635093689,979.7311425209045,500.2158284187317,226.70242190361023,109.04326289892197'),
('d6c54bfe-7af2-4ffd-a50f-7cc00daec2aa', ',1\n"Tree Mouse",5000.0\n"Flies",5000.0\n"Dwarf Puddle Frog",5000.0'),
('ea12122b-253e-4cb5-94b5-2ee7794c52a5', ',1\n"Nile Crocodile",3000.0\n"Hooded Vulture",14500.0\n"African Fish Eagle",1500.0\n"African Marsh Owl",2500.0\n"Little Grebe",2000.0\n"Southern Ground Hornbill",2000.0\n"Dwarf Sand Snake",2000.0\n"Black Mamba",2500.0'),
('fb3128e3-7378-460c-a669-4addcf63d8b7', ',1,2,3,4,5,6,7,8,9,10,11,12,13,14,15,16,17\n"Southern Ground Hornbill",29000.0,25993.743896484375,21951.820373535156,17400.592803955078,12891.054153442383,9110.80551147461,6128.549098968506,3913.5830402374268,2365.7469749450684,1349.4471311569214,723.7418293952942,363.4912669658661,170.16951739788055,73.86498898267746,30.275562778115273,11.78117748349905,4.340021871030331\n"Lappet-Faced Vulture",1000.0,877.6974678039551,716.6805863380432,541.3769483566284,375.84754824638367,247.09837138652802,153.35974097251892,89.53782171010971,48.980873078107834,24.992024526000023,11.832219548523426,5.166410468518734,2.0657300483435392,0.7499382481910288,0.2539483830332756,0.080889105447568,0.02413939728285186'),
('3a314645-f2c9-48e7-bcb7-630ffdcd6400', ',1,2,3,4,5,6,7,8,9,10,11,12,13,14,15,16,17,18,19,20,21,22,23\n"Fruits and Nectar",,,110000.0,133739.53247070312,3909.3329906463623,350.4345417022705,38.000885397195816,4.313033074140549,0.5323159857653081,0.093118280346971,0.03592866414692253,0.029441389415296726,0.03910988743882626,0.0678484866512008,0.1362295006401837,0.30207785312086344,0.7183404522947967,1.8086059717461467,4.781683441251516,13.129589147865772,36.52902692556381,96.83782607316971,216.0341441631317\n"Tree Mouse",5000.0,4348.049640655518,3498.2125759124756,7978.299140930176,15197.8178024292,15270.576477050781,9679.780960083008,5382.60555267334,2719.6459770202637,1246.20521068573,527.3093581199646,212.25610375404358,79.9003541469574,27.161849662661552,8.362502790987492,2.4335840716958046,0.66838861675933,0.17350338748656213,0.04303984678699635,0.010629428288666531,0.002976736141135916,0.0013378229368754546,0.001769971618159616\n"Trees and Shrubs",,,165000.0,200111.9384765625,5372.0383644104,402.3924469947815,43.13292354345322,4.889174830168486,0.6033195531927049,0.10553574247751385,0.04071947842021473,0.03336700683576055,0.04432440618984401,0.07689395715715364,0.15438836999237537,0.3423271991778165,0.8139542769640684,2.048684051260352,5.411726422607899,14.823970384895802,40.97293317317963,106.85694962739944,231.11720383167267\n"Flies",5000.0,3011.394739151001,1221.3971614837646,252.36302614212036,5.53699117153883,1.5758546467736778E-5,2.963763783003781E-9,1.1267608347005284E-11,0,,,,,,,,,,,,,,\n"Plant Juices",,,110000.0,134480.6671142578,5091.516971588135,1556.0050010681152,976.4800071716309,751.8174648284912,638.5409832000732,576.1760473251343,541.4695739746094,522.3357677459717,511.65127754211426,505.77718019485474,502.7192234992981,501.2325048446655,500.5362033843994,500.2232789993286,500.08881092071533,500.0336170196533,500.0120997428894,500.0041127204895,500.00131130218506\n"Dwarf Puddle Frog",5000.0,5539.774417877197,5473.539352416992,4648.624897003174,3151.6237258911133,1864.4260168075562,1017.3038244247437,515.0275230407715,236.73459887504578,97.30658680200577,36.56219318509102,13.026800937950611,4.318384453654289,1.2693286407738924,0.33155077835544944,0.08132055518217385,0.018651307982509024,0.003980955625593197,7.863819178055564E-4,1.428578428885885E-4,2.3701741014292566E-5,3.5672598208691397E-6,4.848949020086479E-7\n"Grains and Seeds",,,110000.0,133740.90576171875,3909.515619277954,350.49623250961304,38.00704702734947,4.313725512474775,0.5324013764038682,0.09313321788795292,0.03593442670535296,0.02944611151178833,0.03911615931428969,0.067859364207834,0.13625134306494147,0.302126252790913,0.7184554124251008,1.8088947981595993,4.782442003488541,13.131634332239628,36.534424871206284,96.8501940369606,216.0533219575882'),
('b6105121-29ad-4fc3-ac19-c8850bbc6d36', ',1,2\n"Tree Mouse",5000.0,4348.049640655518\n"Flies",5000.0,3011.394739151001\n"Dwarf Puddle Frog",5000.0,5539.774417877197'),
('e415a3b7-bde5-4e26-b5b1-6e2f27d3801c', ',1,2,3\n"Fruits and Nectar",20000.0,12016.838073730469,4835.216522216797\n"Tree Mouse",5000.0,6630.898475646973,8983.316421508789\n"Trees and Shrubs",30000.0,18428.556442260742,7934.591770172119\n"Millipedes",3000.0,2817.2547817230225,2441.589593887329\n"Katydids",1500.0,2447.7455615997314,4604.955673217773\n"Thrips",4000.0,5509.295463562012,7518.779277801514\n"Flies",7000.0,4205.881595611572,1691.0908222198486\n"Plant Juices",20000.0,12017.022132873535,4831.777572631836\n"Dwarf Puddle Frog",5000.0,7597.343444824219,8116.233825683594\n"Grains and Seeds",20000.0,12285.072326660156,5192.3627853393555'),
('6f39d804-be5b-4797-81df-3c95f7b249ca', ',1\n"African Fish Eagle",500.0\n"Bat-Eared Fox",1000.0\n"African Marsh Owl",500.0\n"Dwarf Sand Snake",500.0\n"Rufous Beaked Snake",500.0\n"African Grey Hornbill",6500.0'),
('4ca43055-753d-4edd-9e99-2f5cc06038f0', ',1,2,3\n"Fruits and Nectar",20000.0,12535.929679870605,5252.068996429443\n"Tree Mouse",7500.0,9449.039459228516,12184.544563293457\n"Trees and Shrubs",30000.0,19049.522399902344,8375.1859664917\n"Millipedes",1500.0,2039.5514965057373,3078.040599822998\n"Thrips",1000.0,1595.860242843628,2852.987051010132\n"Flies",6500.0,4057.668685913086,1681.9462776184082\n"Decaying Material",1500.0,943.2446360588074,394.6129381656647\n"Plant Juices",20000.0,12912.579536437988,5781.886577606201\n"Dwarf Puddle Frog",6500.0,8143.031120300293,8376.851081848145\n"Grains and Seeds",20000.0,12794.407844543457,5753.3392906188965'),
('bc037d17-e84a-4007-a165-8b0c6fb3882a', ',1,2,3,4,5,6,7,8,9,10,11\n"Tree Mouse",5000.0,4348.049640655518,3498.2125759124756,2587.291717529297,1743.8188791275024,1097.4494218826294,643.5683965682983,354.99313473701477,176.78679525852203,91.19854867458344,40.83816707134247\n"Flies",5000.0,3011.394739151001,1221.3971614837646,257.5061619281769,1.336263376288116,1.0892114987726131E-6,1.3877543862325648E-10,7.128640401399624E-13,2.956730960663441E-14,7.831051207937521E-15,0\n"Dwarf Puddle Frog",5000.0,5539.774417877197,5473.539352416992,4501.90544128418,3035.2282524108887,1794.481635093689,979.7311425209045,500.2158284187317,226.70242190361023,109.04326289892197,44.129449874162674'),
('ce6c9055-1824-41c8-93b3-03d1a65617a3', ',1,2,3\n"Tree Mouse",5000.0,4348.049640655518,3498.2125759124756\n"Flies",5000.0,3011.394739151001,1221.3971614837646\n"Dwarf Puddle Frog",5000.0,5539.774417877197,5473.539352416992'),
('dc4fea8f-84b3-43ad-b17e-6bf90538eccd', ',1,2,3,4,5,6\n"Tree Mouse",5000.0,4348.049640655518,3498.2125759124756,2587.291717529297,1743.8188791275024,1097.4494218826294\n"Flies",5000.0,3011.394739151001,1221.3971614837646,257.5061619281769,1.336263376288116,1.0892114987726131E-6\n"Dwarf Puddle Frog",5000.0,5539.774417877197,5473.539352416992,4501.90544128418,3035.2282524108887,1794.481635093689'),
('a724d91e-9db9-420b-b6d1-58a78ddef059', ',1,2\n"Tree Mouse",5000.0,4348.049640655518\n"Flies",5000.0,3011.394739151001\n"Dwarf Puddle Frog",5000.0,5539.774417877197'),
('91d76615-7f4b-469f-9a5e-dde0e09b255c', ',1\n"Tree Mouse",5000.0\n"Flies",5000.0\n"Dwarf Puddle Frog",5000.0'),
('9ec26103-227c-4c9d-a7a8-baa63524a354', ',1,2,3,4,5\n"Tree Mouse",5000.0,4348.049640655518,3498.2125759124756,2587.291717529297,1743.8188791275024\n"Flies",5000.0,3011.394739151001,1221.3971614837646,257.5061619281769,1.336263376288116\n"Dwarf Puddle Frog",5000.0,5539.774417877197,5473.539352416992,4501.90544128418,3035.2282524108887'),
('e79afa4d-6795-4402-9578-4dd30d9199e0', ',1,2,3\n"Tree Mouse",5000.0,4348.049640655518,3498.2125759124756\n"Flies",5000.0,3011.394739151001,1221.3971614837646\n"Dwarf Puddle Frog",5000.0,5539.774417877197,5473.539352416992'),
('30a7aa0d-b1c2-465e-bc9f-f8329260afbb', ',1,2\n"Tree Mouse",5000.0,4348.049640655518\n"Flies",5000.0,3011.394739151001\n"Dwarf Puddle Frog",5000.0,5539.774417877197'),
('880d989b-a0ff-47b3-9221-78af7a4bd730', ',1,2\n"Tree Mouse",5000.0,4348.049640655518\n"Flies",5000.0,3011.394739151001\n"Dwarf Puddle Frog",5000.0,5539.774417877197'),
('b3af148f-5357-4811-8fc5-ca6564e4cfa5', ',1,2,3,4,5\n"Tree Mouse",5000.0,4348.049640655518,3498.2125759124756,2587.291717529297,1743.8188791275024\n"Flies",5000.0,3011.394739151001,1221.3971614837646,257.5061619281769,1.336263376288116\n"Dwarf Puddle Frog",5000.0,5539.774417877197,5473.539352416992,4501.90544128418,3035.2282524108887'),
('e2416f0e-3a5b-405d-b53d-c78c03907409', ',1,2,3,4\n"Tree Mouse",5000.0,4348.049640655518,3498.2125759124756,2587.291717529297\n"Flies",5000.0,3011.394739151001,1221.3971614837646,257.5061619281769\n"Dwarf Puddle Frog",5000.0,5539.774417877197,5473.539352416992,4501.90544128418'),
('ff669812-f3ba-44a3-92d3-7f8025d66d68', ',1,2,3,4\n"Tree Mouse",5000.0,4348.049640655518,3498.2125759124756,2587.291717529297\n"Flies",5000.0,3011.394739151001,1221.3971614837646,257.5061619281769\n"Dwarf Puddle Frog",5000.0,5539.774417877197,5473.539352416992,4501.90544128418'),
('976091b6-9b54-4ee4-84dc-0f37213f73e6', ',1,2,3,4,5\n"Tree Mouse",5000.0,4348.049640655518,3498.2125759124756,2587.291717529297,1743.8188791275024\n"Flies",5000.0,3011.394739151001,1221.3971614837646,257.5061619281769,1.336263376288116\n"Dwarf Puddle Frog",5000.0,5539.774417877197,5473.539352416992,4501.90544128418,3035.2282524108887'),
('ab20d696-0fd9-47ef-84e9-1419a7582db8', ',1,2,3,4,5,6,7,8,9,10,11,12\n"Tree Mouse",5000.0,4348.049640655518,3498.2125759124756,2587.291717529297,1743.8188791275024,1097.4494218826294,643.5683965682983,354.99313473701477,176.78679525852203,91.19854867458344,40.83816707134247,17.714429646730423\n"Flies",5000.0,3011.394739151001,1221.3971614837646,257.5061619281769,1.336263376288116,1.0892114987726131E-6,1.3877543862325648E-10,7.128640401399624E-13,2.956730960663441E-14,7.831051207937521E-15,0,\n"Dwarf Puddle Frog",5000.0,5539.774417877197,5473.539352416992,4501.90544128418,3035.2282524108887,1794.481635093689,979.7311425209045,500.2158284187317,226.70242190361023,109.04326289892197,44.129449874162674,17.338458448648453'),
('a1b7deb7-18c3-42a6-aaaf-834130ca3ccf', ',1,2,3,4,5,6,7,8\n"Tree Mouse",5000.0,4348.049640655518,3498.2125759124756,2587.291717529297,1743.8188791275024,1097.4494218826294,643.5683965682983,354.99313473701477\n"Flies",5000.0,3011.394739151001,1221.3971614837646,257.5061619281769,1.336263376288116,1.0892114987726131E-6,1.3877543862325648E-10,7.128640401399624E-13\n"Dwarf Puddle Frog",5000.0,5539.774417877197,5473.539352416992,4501.90544128418,3035.2282524108887,1794.481635093689,979.7311425209045,500.2158284187317'),
('9838f489-0aa0-4461-873f-916b5af8025c', ',1,2,3,4,5,6\n"Nile Crocodile",1000.0,971.1054563522339,929.0345311164856,875.3532767295837,812.1880292892456,742.5211071968079\n"Southern Ground Hornbill",2000.0,2390.503168106079,2549.8671531677246,2314.847946166992,1791.8689250946045,1258.7876319885254\n"Black Mamba",2000.0,1206.744909286499,496.6689646244049,103.71571779251099,3.666059812530875,0.006800158189435024'),
('d5506558-73ae-4923-80b4-f1939749ac46', ',1,2,3,4,5,6,7,8\n"Tree Mouse",5000.0,4348.049640655518,3498.2125759124756,2587.291717529297,1743.8188791275024,1097.4494218826294,643.5683965682983,354.99313473701477\n"Flies",5000.0,3011.394739151001,1221.3971614837646,257.5061619281769,1.336263376288116,1.0892114987726131E-6,1.3877543862325648E-10,7.128640401399624E-13\n"Dwarf Puddle Frog",5000.0,5539.774417877197,5473.539352416992,4501.90544128418,3035.2282524108887,1794.481635093689,979.7311425209045,500.2158284187317'),
('8bd449bd-cd61-4a5d-9aa0-ea7bb23fe423', ',1,2,3,4,5,6,7\n"Tree Mouse",5000.0,4348.049640655518,3498.2125759124756,2587.291717529297,1743.8188791275024,1097.4494218826294,643.5683965682983\n"Flies",5000.0,3011.394739151001,1221.3971614837646,257.5061619281769,1.336263376288116,1.0892114987726131E-6,1.3877543862325648E-10\n"Dwarf Puddle Frog",5000.0,5539.774417877197,5473.539352416992,4501.90544128418,3035.2282524108887,1794.481635093689,979.7311425209045'),
('6f7a0248-854a-4eb3-b7ca-a7e3c55e7ad4', ',1,2,3,4,5,6,7,8,9,10,11,12,13,14,15,16,17,18,19,20,21,22,23,24\n"Tree Mouse",5000.0,4348.049640655518,3498.2125759124756,2586.5087509155273,1745.859146118164,1099.6730327606201,4991.29581451416,11611.884117126465,7338.7651443481445,3485.4342937469482,1469.4173336029053,572.9501843452454,215.84552526474,72.69187271595001,1.4262937924095723E-12,0,,,,,,,,\n"Trees and Shrubs",,,,,,135000.0,136248.19946289062,646.3664770126343,55.62765151262283,0.3301721008028835,9.776658060900445E-5,8.605409163031652E-7,1.0080188073136043E-7,4.2298095581649875E-8,1.2824084676121839E-8,5.412247906788625E-9,1.0101004234430722E-8,2.3363812620691427E-8,5.87546261643368E-8,1.5884261961307544E-7,4.615076654168604E-7,1.409855565626117E-6,4.779393769638318E-6,1.6307225791933888E-5\n"Bat-Eared Fox",,,,,,,,,,,,,,6500.0,9613.166809082031,4362.251758575439,1868.5152530670166,770.1330780982971,298.30801486968994,110.49467325210571,39.60445150732994,13.474431820213795,4.594349768012762,1.4191329246386886\n"Flies",5000.0,3011.394739151001,1221.3971614837646,253.05458903312683,5.389388184994459,1.8081122155066964E-6,1.2182845877950488E-9,2.3528388235654653E-11,8.801089485698703E-13,0,,,,,,,,,,,,,,\n"Scorpion",,,2000.0,3686.581611633301,2883.822202682495,2147.0861434936523,1524.4219303131104,1030.299186706543,666.0783290863037,407.02807903289795,234.98527705669403,129.2293667793274,68.77854466438293,34.35814008116722,1.4756031466167663E-8,0,,,,,,,,\n"Dwarf Puddle Frog",5000.0,5539.774417877197,5473.539352416992,4471.349239349365,3006.0088634490967,1781.3358306884766,971.5650081634521,485.75738072395325,225.87670385837555,94.17128562927246,35.05987673997879,11.981439776718616,3.9704605005681515,1.1512950295582414,0.006626494268857641,6.3068359423823495E-6,8.135477708171024E-8,5.0823186804882514E-9,5.371946919414949E-10,7.3460782270586E-11,1.1140412797447895E-11,1.611669811652373E-12,0,\n"Grains and Seeds",,,,,,90000.0,91239.70031738281,641.1635875701904,55.24790287017822,4.818046931177378,0.7032663561403751,0.27515130932442844,0.25048197130672634,0.3648406418506056,0.002015681275224779,1.1793224174994066E-6,8.277532825839984E-8,4.450849064308038E-8,6.001491664742176E-8,1.2643405766787907E-7,3.3381614139571525E-7,9.8454944197357E-7,3.2960605356180395E-6,1.1198049598704074E-5\n"Grass and Herbs",,,,,,8000.0,9029.44564819336,526.4444351196289,46.63030803203583,4.077143035829067,0.5953168147243559,0.232934151426889,0.21206041856203228,0.30889740446582437,0.18040346913039684,0.1053761225193739,0.22924448421690613,0.5675122374668717,1.4665434136986732,3.9904480800032616,11.460795998573303,33.42275321483612,95.73690593242645,220.4010933637619\n"Fruits and Nectar",,,,,,90000.0,91239.70031738281,641.1635875701904,55.24790287017822,0.32793538412079215,9.710429793585718E-5,8.547114682677659E-7,1.0011903112117082E-7,4.201156089678193E-8,1.2412656623037033E-10,0,,,,,,,,\n"Lion",,,,,,,,,6500.0,10472.028732299805,6045.707225799561,3324.8164653778076,1769.5361375808716,883.9671611785889,1016.7580842971802,1095.2942371368408,506.28435611724854,210.14827489852905,81.50891214609146,30.20183928310871,10.826397687196732,3.6835595965385437,1.2559934984892607,0.38796226726844907\n"Nile Crocodile",,,,,,,,,,,,,,2000.0,4456.797122955322,3385.467052459717,1475.4599332809448,608.447790145874,235.68913340568542,87.30082958936691,31.29115328192711,10.646042414009571,3.6299601197242737,1.1212460231035948\n"Serval Cat",,,,,,,,,,,,,,2000.0,2959.381103515625,1342.9045677185059,575.2161741256714,237.08288371562958,91.83312207460403,34.015413373708725,12.192096561193466,4.1480581276118755,1.4143550070002675,0.4368752706795931\n"Thrips",,,3500.0,6381.314277648926,4973.445892333984,3702.4192810058594,7315.609931945801,10721.275329589844,6931.199550628662,4235.527038574219,2445.2526569366455,1344.7585105895996,715.708315372467,357.5302064418793,169.4486290216446,76.89220458269119,32.93580189347267,13.57492245733738,5.258192773908377,1.9476590678095818,0.6980967009440064,0.2375100739300251,0.08098333637462929,0.02501466588000767\n"Plant Juices",,,,,,90000.0,90001.28936767578,1.9970372022726224E-5,0,,,,,,,,,,,,,,,\n"Black and White Columbus Monkey",,,,,,,,,1500.0,2458.695411682129,1419.7601079940796,780.7924151420593,415.55389761924744,207.58886635303497,98.38511049747467,44.64508220553398,19.123155623674393,7.881859317421913,3.0530071817338467,1.1308480752632022,0.4053282900713384,0.1379028835799545,0.047020468628033996,0.01452399192203302\n"Black Backed Jackal",,,,,,,,,,,,,,2500.0,3691.732168197632,1675.2327680587769,717.5647616386414,295.75371742248535,114.55903202295303,42.43319854140282,15.20927157253027,5.174577236175537,1.7643652390688658,0.5449887248687446\n"Oribi",,,,,,,,,,,,,,1500.0,1613.3207082748413,98.26870262622833,4.969270899891853,0.572520773857832,0.11334526061546057,0.03168414696119726,0.010386392204964068,0.003616060894273687,0.0014526299310091417,7.336383873735031E-4\n"Spot Necked Otter",,,,,,,,,3500.0,5638.784885406494,3255.380868911743,1790.2858257293701,952.8271555900574,3475.982189178467,3138.5014057159424,61.12023815512657,0.8440975216217339,0.030230876291170716,0.0024178355033654952,4.193902611859812E-4,1.106190694599718E-4,3.3447111746909286E-5,1.0971854536023784E-5,3.3395963772164805E-6\n"Crested Porcupine",,,,,,,,,,,,,,1500.0,2211.0595703125,1003.3328533172607,429.76492643356323,177.133247256279,68.61186027526855,25.414152070879936,9.109159000217915,3.0991651583462954,1.056716195307672,0.3264054539613426'),
('730dec01-5543-4b26-977c-e9e4b55c2ce7', ',1,2,3,4,5,6,7\n"Fruits and Nectar",,,100000.0,120512.16125488281,1137.1031999588013,0.017819260392570868,1.0069258760125877E-6\n"Tree Mouse",5000.0,4348.049640655518,3497.542142868042,7738.926410675049,14169.400215148926,11049.610137939453,6723.273277282715\n"Trees and Shrubs",,,150000.0,181489.89868164062,2669.7816848754883,271.93886041641235,36.16052493453026\n"Millipedes",,2500.0,1142.2687768936157,1093.127727508545,102.5327816605568,0.008257849003712181,1.822982098609316E-6\n"Katydids",,2000.0,2927.884817123413,6430.342197418213,13362.552642822266,11424.140930175781,8112.631797790527\n"Thrips",,2000.0,1734.7240447998047,4164.628505706787,8598.554611206055,7231.783390045166,5135.49280166626\n"Flies",5000.0,5011.394500732422,2019.9110507965088,410.06365418434143,3.746829926967621,8.217754412067138E-12,0\n"Plant Juices",,,100000.0,120704.69665527344,1103.463053703308,5.773589592528161E-8,0\n"Scorpion",,2000.0,1896.4588642120361,1648.954153060913,1298.3630895614624,966.3468599319458,686.2301230430603\n"Dwarf Puddle Frog",5000.0,5539.774417877197,5963.487148284912,5456.976413726807,3763.425588607788,2226.1650562286377,1214.8301601409912\n"Grains and Seeds",,,100000.0,120769.47784423828,1161.3683700561523,0.0186339057108853,1.0529626059962993E-6\n"Grass and Herbs",,,3000.0,4209.072113037109,674.0801930427551,99.22195971012115,13.76356277614832'),
('cef0d9ff-1106-4aa3-bf73-969214fa2110', ',1\n"Tree Mouse",5000.0\n"Flies",5000.0\n"Dwarf Puddle Frog",5000.0'),
('aeffb418-899f-47f0-8b26-4ba0e2135eea', ',1\n"Tree Mouse",5000.0\n"Flies",5000.0\n"Dwarf Puddle Frog",5000.0'),
('2ec5a48a-cf24-40bc-95f3-c6b81d91b210', ',1,2\n"Tree Mouse",5000.0,4209.072113037109\n"Southern Ground Hornbill",500.0,889.7485136985779\n"Flies",5000.0,3024.000883102417\n"Dwarf Puddle Frog",5000.0,5264.852046966553'),
('491c5a08-9ec4-492e-8bd8-ab0f77078ef7', ',1\n"Tree Mouse",5000.0\n"Flies",5000.0\n"Rufous Beaked Snake",1000.0\n"Dwarf Puddle Frog",5000.0'),
('57e8dc9f-6293-49c1-8a76-acd37fa751d3', ',1\n"Tree Mouse",5000.0\n"Flies",5000.0\n"Dwarf Puddle Frog",5000.0'),
('c6427b6b-4cda-42ac-bdc1-5c95aa9a12f3', ',1\n"Tree Mouse",5000.0\n"African Fish Eagle",1000.0\n"Flies",5000.0\n"Dwarf Puddle Frog",5000.0');

-- --------------------------------------------------------

--
-- Table structure for table `birth_list`
--

CREATE TABLE `birth_list` (
  `zone_id` int(11) NOT NULL,
  `species_id` int(11) NOT NULL,
  `total` int(11) NOT NULL
) ENGINE=MyISAM DEFAULT CHARSET=utf8;

--
-- Dumping data for table `birth_list`
--

INSERT INTO `birth_list` (`zone_id`, `species_id`, `total`) VALUES
(280, 31, 7),
(280, 13, 8),
(280, 20, 8),
(289, 20, 8),
(289, 13, 8),
(289, 31, 7);

-- --------------------------------------------------------

--
-- Table structure for table `consume`
--

CREATE TABLE `consume` (
  `species_id` int(10) unsigned NOT NULL,
  `prey_id` int(10) unsigned NOT NULL,
  PRIMARY KEY (`species_id`,`prey_id`),
  KEY `prey_id` (`prey_id`)
) ENGINE=InnoDB DEFAULT CHARSET=utf8;

--
-- Dumping data for table `consume`
--

INSERT INTO `consume` (`species_id`, `prey_id`) VALUES
(74, 1),
(88, 2),
(49, 4),
(49, 6),
(51, 6),
(57, 6),
(86, 7),
(9, 8),
(5, 9),
(9, 9),
(10, 9),
(20, 9),
(22, 9),
(25, 9),
(26, 9),
(27, 9),
(29, 9),
(31, 9),
(32, 9),
(36, 9),
(39, 9),
(42, 9),
(45, 9),
(46, 9),
(47, 9),
(50, 9),
(55, 9),
(57, 9),
(61, 9),
(64, 9),
(77, 9),
(5, 10),
(10, 10),
(17, 10),
(20, 10),
(22, 10),
(24, 10),
(26, 10),
(27, 10),
(29, 10),
(32, 10),
(34, 10),
(36, 10),
(42, 10),
(45, 10),
(47, 10),
(50, 10),
(57, 10),
(1, 11),
(4, 11),
(5, 11),
(10, 11),
(20, 11),
(22, 11),
(25, 11),
(26, 11),
(27, 11),
(31, 11),
(33, 11),
(34, 11),
(36, 11),
(39, 11),
(44, 11),
(50, 11),
(68, 11),
(1, 12),
(4, 12),
(5, 12),
(9, 12),
(11, 12),
(20, 12),
(25, 12),
(26, 12),
(27, 12),
(31, 12),
(36, 12),
(39, 12),
(43, 12),
(44, 12),
(50, 12),
(56, 12),
(68, 12),
(76, 12),
(5, 13),
(9, 13),
(10, 13),
(16, 13),
(17, 13),
(20, 13),
(23, 13),
(24, 13),
(25, 13),
(26, 13),
(27, 13),
(29, 13),
(34, 13),
(42, 13),
(46, 13),
(50, 13),
(57, 13),
(77, 13),
(4, 14),
(5, 14),
(9, 14),
(14, 14),
(16, 14),
(17, 14),
(18, 14),
(20, 14),
(22, 14),
(25, 14),
(26, 14),
(27, 14),
(29, 14),
(31, 14),
(32, 14),
(33, 14),
(34, 14),
(36, 14),
(39, 14),
(42, 14),
(45, 14),
(47, 14),
(50, 14),
(55, 14),
(56, 14),
(57, 14),
(61, 14),
(64, 14),
(77, 14),
(85, 14),
(9, 15),
(10, 15),
(16, 15),
(17, 15),
(22, 15),
(24, 15),
(26, 15),
(27, 15),
(29, 15),
(34, 15),
(42, 15),
(77, 15),
(26, 16),
(27, 16),
(32, 16),
(42, 16),
(47, 16),
(50, 16),
(56, 16),
(57, 16),
(64, 16),
(77, 16),
(10, 17),
(27, 17),
(4, 18),
(18, 18),
(36, 18),
(50, 18),
(5, 19),
(9, 19),
(18, 19),
(31, 19),
(36, 19),
(39, 19),
(64, 19),
(2, 20),
(3, 20),
(5, 20),
(6, 20),
(27, 20),
(32, 20),
(38, 20),
(42, 20),
(44, 20),
(46, 20),
(47, 20),
(50, 20),
(56, 20),
(57, 20),
(61, 20),
(64, 20),
(80, 20),
(2, 21),
(4, 21),
(5, 21),
(16, 21),
(18, 21),
(22, 21),
(25, 21),
(29, 21),
(33, 21),
(35, 21),
(36, 21),
(44, 21),
(46, 21),
(47, 21),
(50, 21),
(55, 21),
(57, 21),
(61, 21),
(66, 21),
(3, 22),
(5, 22),
(18, 22),
(45, 22),
(46, 22),
(49, 22),
(50, 22),
(51, 22),
(56, 22),
(57, 22),
(4, 24),
(5, 24),
(24, 24),
(49, 25),
(6, 26),
(27, 26),
(41, 26),
(44, 26),
(49, 26),
(74, 26),
(4, 27),
(6, 27),
(38, 27),
(41, 27),
(44, 27),
(49, 27),
(51, 27),
(55, 27),
(63, 27),
(74, 27),
(6, 28),
(44, 28),
(49, 28),
(51, 28),
(3, 29),
(6, 29),
(49, 29),
(51, 29),
(63, 29),
(50, 30),
(2, 31),
(3, 31),
(4, 31),
(5, 31),
(6, 31),
(18, 31),
(31, 31),
(38, 31),
(39, 31),
(41, 31),
(44, 31),
(45, 31),
(46, 31),
(47, 31),
(49, 31),
(50, 31),
(51, 31),
(55, 31),
(56, 31),
(57, 31),
(63, 31),
(64, 31),
(69, 31),
(74, 31),
(80, 31),
(83, 31),
(2, 32),
(5, 32),
(6, 32),
(32, 32),
(39, 32),
(46, 32),
(50, 32),
(56, 32),
(57, 32),
(61, 32),
(64, 32),
(80, 32),
(6, 33),
(39, 33),
(41, 33),
(42, 33),
(44, 33),
(49, 33),
(51, 33),
(55, 33),
(56, 33),
(61, 33),
(64, 33),
(69, 33),
(83, 33),
(3, 34),
(4, 34),
(5, 34),
(6, 34),
(26, 34),
(27, 34),
(39, 34),
(44, 34),
(46, 34),
(47, 34),
(49, 34),
(50, 34),
(55, 34),
(57, 34),
(61, 34),
(63, 34),
(65, 34),
(69, 34),
(80, 34),
(2, 35),
(5, 35),
(29, 35),
(42, 35),
(46, 35),
(50, 35),
(60, 35),
(61, 35),
(64, 35),
(77, 35),
(50, 36),
(2, 37),
(3, 37),
(5, 37),
(6, 37),
(32, 37),
(37, 37),
(38, 37),
(42, 37),
(46, 37),
(50, 37),
(56, 37),
(60, 37),
(61, 37),
(63, 37),
(69, 37),
(80, 37),
(88, 37),
(3, 38),
(4, 38),
(5, 38),
(6, 38),
(38, 38),
(39, 38),
(44, 38),
(46, 38),
(47, 38),
(50, 38),
(56, 38),
(64, 38),
(69, 38),
(49, 40),
(49, 41),
(2, 42),
(3, 42),
(69, 43),
(3, 44),
(4, 44),
(5, 44),
(6, 44),
(38, 44),
(39, 44),
(44, 44),
(47, 44),
(50, 44),
(56, 44),
(5, 45),
(49, 45),
(5, 46),
(49, 46),
(4, 47),
(5, 47),
(49, 47),
(50, 47),
(51, 47),
(69, 47),
(74, 47),
(80, 47),
(6, 48),
(50, 48),
(51, 48),
(69, 48),
(80, 48),
(49, 50),
(4, 52),
(5, 52),
(49, 52),
(50, 52),
(51, 52),
(55, 52),
(63, 52),
(69, 52),
(71, 52),
(80, 52),
(80, 53),
(86, 53),
(49, 55),
(80, 55),
(88, 55),
(80, 57),
(86, 57),
(6, 60),
(49, 60),
(51, 60),
(88, 60),
(2, 61),
(3, 61),
(5, 61),
(57, 61),
(80, 61),
(49, 64),
(5, 65),
(49, 65),
(51, 65),
(80, 65),
(86, 65),
(6, 66),
(49, 66),
(51, 66),
(80, 66),
(80, 68),
(69, 71),
(74, 71),
(80, 71),
(86, 71),
(6, 72),
(74, 72),
(80, 72),
(74, 73),
(80, 73),
(86, 73),
(86, 80),
(88, 80),
(74, 82),
(86, 82),
(88, 82),
(86, 83),
(86, 86),
(74, 87),
(80, 87),
(86, 87),
(88, 87),
(88, 88),
(5, 89),
(8, 89),
(9, 89),
(11, 89),
(12, 89),
(13, 89),
(14, 89),
(16, 89),
(19, 89),
(21, 89),
(31, 89),
(32, 89),
(35, 89),
(36, 89),
(37, 89),
(66, 89),
(83, 89),
(11, 1001),
(14, 1001),
(31, 1001),
(33, 1001),
(48, 1001),
(52, 1001),
(53, 1001),
(59, 1001),
(66, 1001),
(70, 1001),
(71, 1001),
(73, 1001),
(75, 1001),
(82, 1001),
(85, 1001),
(87, 1001),
(8, 1002),
(14, 1002),
(15, 1002),
(55, 1002),
(13, 1003),
(16, 1003),
(21, 1003),
(26, 1003),
(27, 1003),
(28, 1003),
(30, 1003),
(31, 1003),
(33, 1003),
(42, 1003),
(47, 1003),
(50, 1003),
(53, 1003),
(55, 1003),
(65, 1003),
(66, 1003),
(71, 1003),
(72, 1003),
(73, 1003),
(83, 1003),
(85, 1003),
(16, 1004),
(26, 1004),
(27, 1004),
(28, 1004),
(31, 1004),
(33, 1004),
(40, 1004),
(42, 1004),
(43, 1004),
(45, 1004),
(47, 1004),
(53, 1004),
(55, 1004),
(61, 1004),
(71, 1004),
(72, 1004),
(73, 1004),
(82, 1004),
(83, 1004),
(85, 1004),
(7, 1005),
(14, 1005),
(31, 1005),
(42, 1005),
(52, 1005),
(53, 1005),
(59, 1005),
(61, 1005),
(67, 1005),
(70, 1005),
(71, 1005),
(73, 1005),
(82, 1005),
(85, 1005),
(87, 1005);

-- --------------------------------------------------------

--
-- Table structure for table `death_list`
--

CREATE TABLE `death_list` (
  `zone_id` int(11) NOT NULL,
  `species_id` int(11) NOT NULL,
  `total` int(11) NOT NULL
) ENGINE=MyISAM DEFAULT CHARSET=utf8;

--
-- Dumping data for table `death_list`
--

INSERT INTO `death_list` (`zone_id`, `species_id`, `total`) VALUES
(262, 31, 2),
(262, 13, 2),
(262, 20, 2),
(271, 13, 1);

-- --------------------------------------------------------

--
-- Table structure for table `disease`
--

CREATE TABLE `disease` (
  `disease_id` int(10) unsigned NOT NULL AUTO_INCREMENT,
  `name` varchar(45) NOT NULL,
  `description` varchar(45) NOT NULL DEFAULT '',
  `infect_chance` float NOT NULL,
  `spread_chance` float NOT NULL,
  `death_rate` float NOT NULL,
  `heal_chance` int(10) unsigned NOT NULL,
  PRIMARY KEY (`disease_id`),
  UNIQUE KEY `name` (`name`)
) ENGINE=InnoDB  DEFAULT CHARSET=utf8 AUTO_INCREMENT=5 ;

--
-- Dumping data for table `disease`
--

INSERT INTO `disease` (`disease_id`, `name`, `description`, `infect_chance`, `spread_chance`, `death_rate`, `heal_chance`) VALUES
(1, 'Nagana', 'mydescription', 0.9, 0.9, 0.9, 1),
(2, 'Surra', 'exdescription', 0.9, 0.9, 0.9, 5),
(3, ' trypanosomiasis', 'currdescription', 0.9, 0.9, 0.9, 9),
(4, 'phytophthora', 'mydesc', 0.9, 0.9, 0.9, 3);

-- --------------------------------------------------------

--
-- Table structure for table `disease_infects_animal`
--

CREATE TABLE `disease_infects_animal` (
  `disease_id` int(10) unsigned NOT NULL,
  `animal_type_id` int(10) unsigned NOT NULL,
  PRIMARY KEY (`animal_type_id`,`disease_id`),
  KEY `disease_id` (`disease_id`),
  KEY `animal_type_id` (`animal_type_id`)
) ENGINE=InnoDB DEFAULT CHARSET=utf8;

--
-- Dumping data for table `disease_infects_animal`
--

INSERT INTO `disease_infects_animal` (`disease_id`, `animal_type_id`) VALUES
(1, 89),
(2, 8),
(3, 9);

-- --------------------------------------------------------

--
-- Table structure for table `disease_infects_plant`
--

CREATE TABLE `disease_infects_plant` (
  `disease_id` int(10) unsigned NOT NULL,
  `plant_type_id` int(10) unsigned NOT NULL,
  PRIMARY KEY (`disease_id`,`plant_type_id`),
  KEY `disease_id` (`disease_id`),
  KEY `plant_type_id` (`plant_type_id`)
) ENGINE=InnoDB DEFAULT CHARSET=utf8;

--
-- Dumping data for table `disease_infects_plant`
--

INSERT INTO `disease_infects_plant` (`disease_id`, `plant_type_id`) VALUES
(1, 1002),
(2, 1003),
(3, 1001);

-- --------------------------------------------------------

--
-- Table structure for table `environment`
--

CREATE TABLE `environment` (
  `env_id` int(10) unsigned NOT NULL AUTO_INCREMENT,
  `world_id` int(10) unsigned NOT NULL,
  `player_id` int(10) unsigned NOT NULL,
  `score` int(10) unsigned NOT NULL DEFAULT '0',
  `high_score` int(10) unsigned NOT NULL DEFAULT '0',
  `accumulated_score` int(10) unsigned NOT NULL DEFAULT '0',
  PRIMARY KEY (`env_id`),
  UNIQUE KEY `row_column` (`world_id`),
  KEY `player_id` (`player_id`),
  KEY `world_id` (`world_id`)
) ENGINE=InnoDB  DEFAULT CHARSET=utf8 AUTO_INCREMENT=156 ;

--
-- Dumping data for table `environment`
--

INSERT INTO `environment` (`env_id`, `world_id`, `player_id`, `score`, `high_score`, `accumulated_score`) VALUES
(113, 128, 2, 10009, 10009, 20018),
(155, 170, 1, 10016, 10016, 40043);

-- --------------------------------------------------------

--
-- Table structure for table `log_chat`
--

CREATE TABLE `log_chat` (
  `player_id` int(10) unsigned NOT NULL,
  `message` text NOT NULL,
  `create_time` timestamp NOT NULL DEFAULT CURRENT_TIMESTAMP,
  KEY `player_id` (`player_id`)
) ENGINE=InnoDB DEFAULT CHARSET=utf8;

--
-- Dumping data for table `log_chat`
--

INSERT INTO `log_chat` (`player_id`, `message`, `create_time`) VALUES
(1, 'Testing!', '2013-04-22 20:27:23'),
(1, 'Testing...1, 2, 3', '2013-04-22 20:27:37'),
(1, 'asdasd', '2013-04-23 01:22:20'),
(1, '', '2013-06-10 01:59:16'),
(1, '', '2013-06-10 01:59:17'),
(1, 'asdfasdf', '2013-06-10 01:59:19'),
(1, 'asdfasdf', '2013-06-10 01:59:19'),
(1, 'asdfasdf', '2013-06-10 01:59:20'),
(1, 'asdfasdf', '2013-06-10 01:59:20'),
(1, '', '2013-06-18 20:16:45'),
(1, '', '2013-06-18 20:16:46');

-- --------------------------------------------------------

--
-- Table structure for table `log_error`
--

CREATE TABLE `log_error` (
  `user_id` int(10) unsigned NOT NULL,
  `message` text NOT NULL,
  `create_time` timestamp NOT NULL DEFAULT CURRENT_TIMESTAMP
) ENGINE=InnoDB DEFAULT CHARSET=utf8;

-- --------------------------------------------------------

--
-- Table structure for table `log_initial_species`
--

CREATE TABLE `log_initial_species` (
  `player_id` int(10) unsigned NOT NULL,
  `zone_id` int(10) unsigned NOT NULL,
  `species` text NOT NULL,
  KEY `player_id` (`player_id`)
) ENGINE=InnoDB DEFAULT CHARSET=utf8;

--
-- Dumping data for table `log_initial_species`
--

INSERT INTO `log_initial_species` (`player_id`, `zone_id`, `species`) VALUES
(1, 60, '51:1000,88:1000,'),
(1, 61, '20:5000,13:5000,31:5000,'),
(1, 62, '20:5000,13:5000,31:5000,'),
(1, 63, '20:5000,13:5000,31:5000,'),
(1, 64, '20:5000,13:5000,31:5000,'),
(1, 65, '20:5000,13:5000,31:5000,'),
(1, 66, '20:5000,13:5000,31:5000,'),
(1, 67, '20:5000,13:5000,31:5000,'),
(1, 68, '20:5000,13:5000,31:5000,'),
(1, 69, '20:5000,13:5000,31:5000,'),
(1, 70, '20:5000,13:5000,31:5000,'),
(1, 71, '20:5000,13:5000,31:5000,'),
(1, 72, '20:5000,13:5000,31:5000,'),
(1, 73, '20:5000,13:5000,31:5000,'),
(1, 74, '20:5000,13:5000,31:5000,'),
(1, 75, '20:5000,13:5000,31:5000,'),
(1, 76, '20:5000,13:5000,31:5000,'),
(1, 77, '20:5000,13:5000,31:5000,'),
(1, 78, '20:5000,13:5000,31:5000,'),
(1, 79, '20:5000,13:5000,31:5000,'),
(1, 80, '20:5000,13:5000,31:5000,'),
(1, 81, '20:5000,13:5000,31:5000,'),
(1, 82, '20:5000,13:5000,31:5000,'),
(1, 83, '20:5000,13:5000,31:5000,'),
(1, 84, '20:5000,13:5000,31:5000,'),
(1, 85, '20:5000,13:5000,31:5000,'),
(1, 86, '20:5000,13:5000,31:5000,'),
(1, 87, '20:5000,13:5000,31:5000,'),
(1, 88, '20:5000,13:5000,31:5000,'),
(1, 89, '20:5000,13:5000,31:5000,'),
(1, 90, '20:5000,13:5000,31:5000,'),
(1, 91, '20:5000,13:5000,31:5000,'),
(1, 92, '20:5000,13:5000,31:5000,'),
(1, 93, '20:5000,13:5000,31:5000,'),
(1, 94, '49:500,2:500,3:500,6:500,63:6500,88:500,'),
(1, 95, '20:5000,13:5000,31:5000,'),
(1, 96, '20:5000,13:5000,31:5000,'),
(1, 97, '20:5000,13:5000,31:5000,'),
(1, 98, '20:5000,13:5000,31:5000,'),
(1, 99, '20:5000,13:5000,31:5000,'),
(1, 100, '20:5000,13:5000,31:5000,'),
(1, 101, '6:500,57:500,88:500,'),
(1, 102, '51:3500,57:14000,63:6500,44:6000,'),
(1, 103, '20:5000,13:5000,31:5000,'),
(1, 104, '20:5000,13:5000,31:5000,'),
(1, 105, '20:5000,13:5000,31:5000,'),
(1, 106, '6:3500,57:1500,88:24500,'),
(1, 107, '20:5000,13:5000,31:5000,'),
(1, 108, '20:5000,13:5000,31:5000,'),
(1, 109, '20:5000,13:5000,31:5000,'),
(1, 110, '51:14500,49:2500,3:1500,38:2000,6:2500,57:2000,46:2000,88:3000,'),
(1, 111, '57:29000,63:1000,'),
(1, 112, '20:5000,13:5000,31:5000,'),
(2, 113, '20:5000,13:5000,31:5000,'),
(1, 114, '20:5000,13:5000,31:5000,'),
(1, 115, '49:500,3:500,38:500,4:1000,44:500,'),
(1, 116, '20:5000,13:5000,31:5000,'),
(1, 117, '20:5000,13:5000,31:5000,'),
(1, 118, '20:5000,13:5000,31:5000,'),
(1, 119, '20:5000,13:5000,31:5000,'),
(1, 120, '20:5000,13:5000,31:5000,'),
(1, 121, '20:5000,13:5000,31:5000,'),
(1, 122, '20:5000,13:5000,31:5000,'),
(1, 123, '20:5000,13:5000,31:5000,'),
(1, 124, '20:5000,13:5000,31:5000,'),
(1, 125, '20:5000,13:5000,31:5000,'),
(1, 126, '20:5000,13:5000,31:5000,'),
(1, 127, '20:5000,13:5000,31:5000,'),
(1, 128, '20:5000,13:5000,31:5000,'),
(1, 129, '20:5000,13:5000,31:5000,'),
(1, 130, '20:5000,13:5000,31:5000,'),
(1, 131, '20:5000,13:5000,31:5000,'),
(1, 132, '6:2000,57:2000,88:1000,'),
(1, 133, '20:5000,13:5000,31:5000,'),
(1, 134, '20:5000,13:5000,31:5000,'),
(1, 135, '20:5000,13:5000,31:5000,'),
(1, 136, '20:5000,13:5000,31:5000,'),
(1, 150, '20:5000,13:5000,31:5000,'),
(1, 151, '20:5000,13:5000,31:5000,'),
(1, 152, '20:5000,13:5000,31:5000,'),
(1, 153, '20:5000,13:5000,31:5000,'),
(1, 154, '20:5000,13:5000,31:5000,'),
(1, 155, '20:5000,13:5000,31:5000,');

-- --------------------------------------------------------

--
-- Table structure for table `news`
--

CREATE TABLE `news` (
  `news_id` int(10) unsigned NOT NULL AUTO_INCREMENT,
  `text` varchar(1000) NOT NULL DEFAULT '',
  `create_time` timestamp NOT NULL DEFAULT CURRENT_TIMESTAMP,
  PRIMARY KEY (`news_id`)
) ENGINE=InnoDB  DEFAULT CHARSET=utf8 AUTO_INCREMENT=2 ;

--
-- Dumping data for table `news`
--

INSERT INTO `news` (`news_id`, `text`, `create_time`) VALUES
(0, 'Have Fun!', '1970-01-01 08:00:00'),
(1, '04/22/2013\nHave Fun!', '2013-04-23 01:35:14');

-- --------------------------------------------------------

--
-- Table structure for table `param_table`
--

CREATE TABLE `param_table` (
  `param_id` int(10) unsigned NOT NULL AUTO_INCREMENT,
  `zone_id` int(10) unsigned NOT NULL,
  `p_k` float NOT NULL DEFAULT '1',
  `p_r` float NOT NULL DEFAULT '1',
  `p_x` float NOT NULL DEFAULT '0.5',
  `a_x` float NOT NULL DEFAULT '0.5',
  `a_e` float NOT NULL DEFAULT '1',
  `a_a` float NOT NULL DEFAULT '0',
  `a_q` float NOT NULL DEFAULT '0',
  `a_d` float NOT NULL DEFAULT '0',
  PRIMARY KEY (`param_id`),
  UNIQUE KEY `zone_id` (`zone_id`)
) ENGINE=InnoDB  DEFAULT CHARSET=utf8 AUTO_INCREMENT=145 ;

--
-- Dumping data for table `param_table`
--

INSERT INTO `param_table` (`param_id`, `zone_id`, `p_k`, `p_r`, `p_x`, `a_x`, `a_e`, `a_a`, `a_q`, `a_d`) VALUES
(113, 113, 1, 1, 0.5, 0.5, 1, 0, 0, 0);

-- --------------------------------------------------------

--
-- Table structure for table `player`
--

CREATE TABLE `player` (
  `player_id` int(10) unsigned NOT NULL AUTO_INCREMENT,
  `username` varchar(45) NOT NULL,
  `email` varchar(45) NOT NULL,
  `password` varchar(32) NOT NULL,
  `salt` varchar(32) NOT NULL,
  `first_name` varchar(25) NOT NULL,
  `last_name` varchar(25) NOT NULL,
  `online` tinyint(3) unsigned NOT NULL DEFAULT '0',
  `play_time` int(10) unsigned NOT NULL DEFAULT '0',
  `active_time` int(10) unsigned NOT NULL DEFAULT '0',
  `last_login` datetime DEFAULT NULL,
  `last_logout` datetime DEFAULT NULL,
  `last_ip` varchar(15) NOT NULL,
  `create_time` timestamp NOT NULL DEFAULT CURRENT_TIMESTAMP,
  PRIMARY KEY (`player_id`),
  UNIQUE KEY `user_name` (`username`),
  UNIQUE KEY `email` (`email`),
  KEY `email_password` (`email`,`password`)
) ENGINE=InnoDB  DEFAULT CHARSET=utf8 AUTO_INCREMENT=4 ;

--
-- Dumping data for table `player`
--

INSERT INTO `player` (`player_id`, `username`, `email`, `password`, `salt`, `first_name`, `last_name`, `online`, `play_time`, `active_time`, `last_login`, `last_logout`, `last_ip`, `create_time`) VALUES
(1, '1', '1@1.com', '68e15bcccdccaa13233b79a39eed2312', 'ffd0ce5d00f597aa4f0d2bb60d17b6bc', '???', '???', 1, 56597, 9702, '2014-03-11 19:23:57', '2014-03-11 19:19:22', '127.0.0.1', '1970-01-01 08:00:00'),
(2, '2', '2@2.com', 'd162b152a3fb5ae7a08b84305a556879', 'ffd0ce5d00f597aa4f0d2bb60d17b6bc', '???', '???', 0, 314, 299, '2013-05-06 23:41:45', '2013-05-06 23:47:01', '127.0.0.1', '1970-01-01 08:00:00'),
(3, '3', '3@3.com', 'c1e4e67d8583d38c5c3205e16bcaf202', 'ffd0ce5d00f597aa4f0d2bb60d17b6bc', '???', '???', 0, 0, 0, '1970-01-01 00:00:00', '1970-01-01 00:00:00', '127.0.0.1', '1970-01-01 08:00:00');

-- --------------------------------------------------------

--
-- Table structure for table `score_csv`
--

CREATE TABLE `score_csv` (
  `zone_id` int(10) unsigned NOT NULL,
  `csv` text NOT NULL,
  PRIMARY KEY (`zone_id`)
) ENGINE=InnoDB DEFAULT CHARSET=utf8;

--
-- Dumping data for table `score_csv`
--

INSERT INTO `score_csv` (`zone_id`, `csv`) VALUES
(113, ',1,2\n"Environment Score",10009,10009'),
(155, ',1\n"Environment Score",10016');

-- --------------------------------------------------------

--
-- Table structure for table `shop`
--

CREATE TABLE `shop` (
  `type` varchar(20) NOT NULL DEFAULT '',
  `level` int(10) unsigned NOT NULL,
  `items` varchar(200) NOT NULL
) ENGINE=InnoDB DEFAULT CHARSET=utf8;

--
-- Dumping data for table `shop`
--

INSERT INTO `shop` (`type`, `level`, `items`) VALUES
('Animal', 1, '8,13,16,20,21,24,31,89'),
('Plant', 1, '1007'),
('Animal', 2, '10,14,15,17,27,33,34,38'),
('Animal', 3, '25,42,44,45,46,47,50'),
('Plant', 3, '1005'),
('Animal', 4, '3,48,49,51,52,57,73,80'),
('Animal', 5, '4,35,37,60,61,63,64,66,86'),
('Plant', 5, '1008'),
('Animal', 6, '2,5,68,69,71,72,88'),
('Animal', 7, '1,6,74,77,82,83,85'),
('Animal', 8, '7,59,67,70,75,87'),
('Plant', 10, '1009');

-- --------------------------------------------------------

--
-- Table structure for table `species`
--

CREATE TABLE `species` (
  `species_id` int(10) unsigned NOT NULL AUTO_INCREMENT,
  `name` varchar(45) NOT NULL,
  `organism_type` tinyint(3) unsigned NOT NULL DEFAULT '1',
  `cost` int(10) unsigned NOT NULL DEFAULT '0',
  `description` varchar(500) NOT NULL DEFAULT '',
  `category` varchar(100) NOT NULL DEFAULT 'Small',
  `max_biomass` int(10) unsigned NOT NULL,
  `water_biomass_loss` int(10) unsigned NOT NULL,
  `diet_type` tinyint(3) unsigned NOT NULL DEFAULT '0' COMMENT '0 - Omnivore, 1 - Carnivore, 2 - Herbivore',
  `water_need_frequency` int(10) unsigned NOT NULL,
  `light_need_frequency` int(10) unsigned NOT NULL,
  `grow_radius` float unsigned NOT NULL,
  `carrying_capacity` float unsigned NOT NULL,
  `metabolism` float unsigned NOT NULL DEFAULT '0.5',
  `trophic_level` float unsigned NOT NULL DEFAULT '0',
  `growth_rate` float unsigned NOT NULL,
  `model_id` int(10) unsigned NOT NULL,
  `heal_chance` float unsigned NOT NULL,
  `group_capacity` int(10) unsigned NOT NULL DEFAULT '1',
  `unlock` tinyint(3) unsigned NOT NULL DEFAULT '0',
  `hidden` tinyint(3) unsigned NOT NULL DEFAULT '0',
  PRIMARY KEY (`species_id`)
) ENGINE=InnoDB  DEFAULT CHARSET=utf8 AUTO_INCREMENT=1010 ;

--
-- Dumping data for table `species`
--

INSERT INTO `species` (`species_id`, `name`, `organism_type`, `cost`, `description`, `category`, `max_biomass`, `water_biomass_loss`, `diet_type`, `water_need_frequency`, `light_need_frequency`, `grow_radius`, `carrying_capacity`, `metabolism`, `trophic_level`, `growth_rate`, `model_id`, `heal_chance`, `group_capacity`, `unlock`, `hidden`) VALUES
(1, 'Aardvark', 0, 50, 'The aardvark is a medium-sized, burrowing, nocturnal mammal native to Africa. It is the only living species of the order Tubulidentata, although other prehistoric species and genera of Tubulidentata are known.', 'Small Animal', 1500, 5, 1, 2, 0, 0, 0, 0.41, 3.08333, 0, 1, 0, 1, 7, 0),
(2, 'African Clawless Otter', 0, 50, 'The African clawless otter, also known as the cape clawless otter or groot otter, is the second largest freshwater species of otter. African clawless otters are found near permanent bodies of water in savannah and lowland forest areas.', 'Large Animal', 7000, 3, 1, 2, 0, 0, 0, 0.6, 3.53891, 0, 2, 0, 1, 6, 0),
(3, 'African Fish Eagle', 0, 10, 'The African Fish Eagle is a large species of eagle that is found throughout sub-Saharan Africa wherever large bodies of open water occur that have an abundant food supply. It is the national bird of Zimbabwe and Zambia.', 'Bird', 4000, 4, 1, 2, 0, 0, 0, 0.73, 3.78486, 0, 3, 0, 1, 4, 0),
(4, 'Bat-Eared Fox', 0, 50, 'The bat-eared fox is a canid of the African savanna, named for its large ears. Fossil records show this canid to first appear during the middle Pleistocene, about 800,000 years ago.', 'Large Animal', 10000, 3, 1, 2, 0, 0, 0, 0.69, 3.55142, 0, 4, 0, 1, 5, 0),
(5, 'Black Backed Jackal', 0, 60, 'The black-backed jackal, also known as the silver-backed or red jackal, is a species of jackal which inhabits two areas of the African continent separated by roughly 900 km.', 'Large Animal', 10000, 4, 0, 2, 0, 0, 0, 0.65, 3.0235, 0, 5, 0, 1, 6, 0),
(6, 'Black Mamba', 0, 50, 'The black mamba, also called the common black mamba or black-mouthed mamba, is the longest venomous snake in Africa, averaging around 2.5 to 3.2 m in length, and sometimes growing to lengths of 4.45 m.', 'Small Animal', 8000, 3, 1, 2, 0, 0, 0, 0.48, 3.57098, 0, 6, 0, 1, 7, 0),
(7, 'Buffalo', 0, 50, 'The African buffalo is a large African bovine. It is not closely related to the slightly larger wild Asian water buffalo, but its ancestry remains unclear. Owing to its unpredictable nature which makes it highly dangerous to humans, it has not been domesticated unlike its Asian counterpart the domestic Asian water buffalo.', 'Large Animal', 50000, 5, 2, 10, 0, 0, 0, 0.26, 2, 0, 7, 0, 1, 8, 0),
(8, 'Thrips', 0, 10, 'Thrips are tiny, slender insects with fringed wings. Other common names for thrips include thunderflies, thunderbugs, storm flies, thunderblights, and corn lice.', 'Insect', 20, 1, 2, 2, 0, 0, 0, 0.9, 2, 0, 999, 0, 1, 1, 0),
(9, 'Rove and Ground Beetles', 0, 10, 'The rove beetles are a large family of beetles, primarily distinguished by their short elytra that leave more than half of their abdomens exposed.', 'Insect', 20, 1, 1, 2, 0, 0, 0, 0.9, 2.51786, 0, 999, 0, 1, 0, 0),
(10, 'Orb-Weaver Spider', 0, 15, 'The "typical" orb-weaver spiders are the most common group of builders of spiral wheel-shaped webs often found in gardens, fields and forests.', 'Insect', 20, 1, 1, 2, 0, 0, 0, 0.9, 3.38753, 0, 999, 0, 1, 2, 0),
(11, 'Ants', 0, 10, 'Ants are social insects of the family Formicidae and, along with the related wasps and bees, belong to the order Hymenoptera.', 'Insect', 20, 1, 0, 2, 0, 0, 0, 0.9, 2.16667, 0, 999, 0, 1, 0, 0),
(12, 'Harvester Termite', 0, 10, 'Termites are a group of eusocial insects that, until recently, were classified at the taxonomic rank of order Isoptera, but are now accepted as the epifamily Termitoidae, of the cockroach order Blattodea.', 'Insect', 20, 1, 2, 1, 0, 0, 0, 0.91, 2, 0, 51, 0, 1, 0, 0),
(13, 'Flies', 0, 5, 'True flies are insects of the order Diptera. They possess a pair of wings on the mesothorax and a pair of halteres, derived from the hind wings, on the metathorax.', 'Insect', 20, 1, 0, 1, 0, 0, 0, 0.91, 2, 0, 999, 0, 1, 1, 0),
(14, 'Crickets', 0, 14, 'Crickets, family Gryllidae, are insects somewhat related to grasshoppers, and more closely related to katydids or bush crickets. They have somewhat flattened bodies and long antennae. There are about 900 species of crickets.', 'Insect', 20, 1, 0, 2, 0, 0, 0, 0.91, 2.125, 0, 999, 0, 1, 2, 0),
(15, 'Herbivorous True Bugs', 0, 10, 'An order of insects also known as the Hemiptera, comprising around 50,000-80,000 species of cicadas, aphids, planthoppers, leafhoppers, shield bugs, and others.', 'Insect', 20, 1, 2, 2, 0, 0, 0, 0.91, 2, 0, 999, 0, 1, 2, 0),
(16, 'Katydids', 0, 50, 'The Katydids is part of the suborder Ensifera and the only family in the superfamily Tettigonioidea. They are also known as long-horned grasshoppers, although they are more closely related to crickets than to grasshoppers.', 'Insect', 20, 1, 1, 2, 0, 0, 0, 0.91, 2.30357, 0, 999, 0, 1, 1, 0),
(17, 'Praying Mantis', 0, 25, 'The praying mantis is named for its prominent front legs, which are bent and held together at an angle that suggests the position of prayer. The larger group of these insects is more properly called the praying mantids. Mantis refers to the genus mantis, to which only some praying mantids belong.', 'Insect', 20, 1, 1, 2, 0, 0, 0, 0.9, 3.25313, 0, 34, 0, 1, 2, 0),
(18, 'Centipede', 0, 10, 'Centipedes are arthropods belonging to the class Chilopoda of the subphylum Myriapoda. They are elongated metameric animals with one pair of legs per body segment.', 'Insect', 20, 1, 1, 2, 0, 0, 0, 0.9, 3.29813, 0, 12, 0, 1, 0, 0),
(19, 'Cockroach', 0, 10, 'Cockroaches are insects of the order Blattaria or Blattodea, of which about 30 species out of 4,500 total are associated with human habitations. About four species are well known as pests.', 'Insect', 20, 1, 1, 2, 0, 0, 0, 0.9, 2, 0, 999, 0, 1, 0, 0),
(20, 'Dwarf Puddle Frog', 0, 25, 'The Dwarf Puddle Frog is a species of frog in the Petropedetidae family. ', 'Small Animal', 500, 1, 1, 2, 0, 0, 0, 0.9, 3.28284, 0, 23, 0, 1, 1, 0),
(21, 'Millipede', 0, 15, 'Millipedes are arthropods that have two pairs of legs per segment. Each segment that has two pairs of legs is a result of two single segments fused together as one.', 'Insect', 20, 1, 0, 2, 0, 0, 0, 0.89, 2, 0, 65, 0, 1, 1, 0),
(22, 'Shrew', 0, 50, 'A shrew or shrew mouse is a small molelike mammal classified in the order Soricomorpha. True shrews are also not to be confused with West Indies shrews, treeshrews, otter shrews, or elephant shrews, which belong to different families or orders.', 'Small Animal', 800, 1, 1, 2, 0, 0, 0, 0.89, 3.28284, 0, 49, 0, 1, 0, 0),
(23, 'Banana Pipistrelle', 0, 20, 'The Banana Pipistrelle is a species of vesper bat in the Vespertilionidae family.', 'Bird', 800, 1, 1, 2, 0, 0, 0, 0.88, 3, 0, 42, 0, 1, 0, 0),
(24, 'Scorpion', 0, 15, 'Scorpions are predatory arthropod animals of the order Scorpiones within the class Arachnida. They have eight legs and are easily recognized by the pair of grasping claws and the narrow, segmented tail.', 'Insect', 20, 1, 1, 2, 0, 0, 0, 0.87, 3.46251, 0, 47, 0, 1, 1, 0),
(25, 'Gray Flycatcher', 0, 15, 'The African Grey Flycatcher is a species of bird in the Muscicapidae family.', 'Bird', 600, 1, 1, 2, 0, 0, 0, 0.87, 3.13492, 0, 66, 0, 1, 3, 0),
(26, 'Yellow-Breasted Apalis', 0, 20, 'The Yellow-breasted Apalis is a species of bird in the Cisticolidae family.', 'Bird', 800, 1, 0, 2, 0, 0, 0, 0.87, 2.65786, 0, 67, 0, 1, 0, 0),
(27, 'Yellow-Bellied Eremomela', 0, 10, 'The Yellow-bellied Eremomela is a common breeding species in Africa south of the Sahara in its habitat of open woodland, savannah, and dry scrub.', 'Bird', 800, 1, 0, 2, 0, 0, 0, 0.85, 2.78074, 0, 68, 0, 1, 2, 0),
(28, 'Red-Faced Crombec', 0, 15, 'The Red-faced Crombec is a species of African warbler, formerly placed in the family Sylviidae.', 'Bird', 800, 1, 2, 2, 0, 0, 0, 0.84, 2, 0, 69, 0, 1, 0, 0),
(29, 'Three-Banded Plover', 0, 20, 'The Three-banded Plover or Three-banded Sandplover, Charadrius tricollaris, is a small wader. This plover is resident in much of eastern and southern Africa and Madagascar, mainly on inland rivers, pools and lakes.', 'Bird', 800, 1, 1, 2, 0, 0, 0, 0.83, 3.25434, 0, 70, 0, 1, 0, 0),
(30, 'Dwarf Epauletted Bat', 0, 10, 'The Dwarf Epauletted Bat is a species of megabat in the Pteropodidae family.', 'Bird', 800, 1, 2, 2, 0, 0, 0, 0.8, 2, 0, 71, 0, 1, 0, 0),
(31, 'Tree Mouse', 0, 50, 'Tree Mouse, Prionomys batesi, is a poorly understood climbing mouse from Central Africa. It is unique enough that it has been placed in a genus of its own, Prionomys, since its discovery in 1910.', 'Small Animal', 800, 1, 0, 2, 0, 0, 0, 0.79, 2.38095, 0, 53, 0, 1, 1, 0),
(32, 'Mueller''s Clawed Frog', 0, 50, 'Mueller''s Clawed Frog is a species of South African aquatic frog of the genus Xenopus. Its name is derived from the three short claws on each hind foot, which it uses to tear apart its food. The word Xenopus means "strange foot" and laevis means "smooth".', 'Small Animal', 500, 1, 1, 2, 0, 0, 0, 0.78, 2.94526, 0, 23, 0, 1, 0, 0),
(33, 'Cape Teal', 0, 20, 'The Cape Teal is a 44-46 cm long dabbling duck of open wetlands in sub-Saharan Africa. This species is essentially non-migratory, although it moves opportunistically with the rains. Like many southern ducks, the sexes are similar.', 'Bird', 800, 1, 0, 2, 0, 0, 0, 0.78, 2.29861, 0, 72, 0, 1, 2, 0),
(34, 'Cape Dwarf Gecko', 0, 50, 'The Cape Dwarf Gecko is a species of dwarf gecko found in the woodlands and forests of central and southern Africa.', 'Small Animal', 600, 1, 1, 2, 0, 0, 0, 0.77, 3.23584, 0, 24, 0, 1, 2, 0),
(35, 'Crab', 0, 25, 'True crabs are decapod crustaceans of the infraorder Brachyura, which typically have a very short projecting "tail", or where the reduced abdomen is entirely hidden under the thorax.', 'Small Animal', 500, 1, 1, 2, 0, 0, 0, 0.775, 2.25, 0, 15, 0, 1, 5, 0),
(36, 'Creek Rat', 0, 50, 'Creek Rate is a species of rodent in the family Muridae. Its natural habitats are moist savanna and pastureland.', 'Small Animal', 600, 1, 1, 2, 0, 0, 0, 0.76, 2.72169, 0, 73, 0, 1, 0, 0),
(37, 'Catfish', 0, 20, 'Catfishes are a diverse group of ray-finned fish. Named for their prominent barbels, which resemble a cat''s whiskers.', 'Small Animal', 500, 1, 1, 2, 0, 0, 0, 0.74, 2.5, 0, 74, 0, 1, 5, 0),
(38, 'Dwarf Sand Snake', 0, 50, 'The Dwarf Sand Snake is a very small, slender snake with a short tail. They forage in a rather secretive fashion under fallen logs and tufts of grass in moist and dry wooded savannah habitats. Although they never bite, they do not tame easily.', 'Small Animal', 800, 1, 1, 2, 0, 0, 0, 0.73, 3.79062, 0, 19, 0, 1, 2, 0),
(39, 'Pearl-Spotted Owlet', 0, 20, 'The Pearl-Spotted Owlet is an owl which breeds in Africa south of the Sahara. This species is a part of the larger grouping of owls known as typical owls, Strigidae, which contains most species of owl.', 'Bird', 1500, 1, 1, 2, 0, 0, 0, 0.73, 3.56358, 0, 75, 0, 1, 0, 0),
(40, 'Yellow-Throated Sandgrouse', 0, 20, 'The Yellow-throated Sandgrouse is a species of bird in the Pteroclididae family.', 'Bird', 900, 1, 2, 2, 0, 0, 0, 0.74, 2, 0, 76, 0, 1, 0, 0),
(41, 'Striped Weasel', 0, 50, 'The Striped Weasel, the lone member of genus Poecilogale, is a small black and white weasel native to sub-Saharan Africa. It looks very much like a striped polecat, but it is much thinner and has shorter hair.', 'Small Animal', 1500, 2, 1, 2, 0, 0, 0, 0.73, 3.52954, 0, 79, 0, 1, 0, 0),
(42, 'African Grey Hornbill', 0, 20, 'The African Grey Hornbill is a hornbill. Hornbills are a family of tropical near-passerine birds found in the Old World. The African Grey Hornbill is a widespread and common resident breeder in much of sub-Saharan Africa and into Arabia.', 'Bird', 1500, 2, 0, 2, 0, 0, 0, 0.71, 2.66657, 0, 77, 0, 1, 3, 0),
(43, 'Coqui Francolin', 0, 20, 'The Coqui Francolin is a species of bird in the Phasianidae family.', 'Bird', 1500, 2, 0, 2, 0, 0, 0, 0.72, 2.25, 0, 78, 0, 1, 0, 0),
(44, 'Rufous Beaked Snake', 0, 25, 'The Rufous Beaked Snake is a species of colubrid from West Africa. It is named for its hooked snout, which it uses to dig burrows, and reddish-brown back scales. It hunts small animals during the day with the help of its venomous bite.', 'Small Animal', 2000, 1, 1, 2, 0, 0, 0, 0.7, 3.50856, 0, 46, 0, 1, 3, 0),
(45, 'Four Toed African Hedgehog', 0, 50, 'Four Toed African Hedgehog is a species of hedgehog found throughout much of central and eastern Africa.  Populations tend to be scattered between suitable savannah or cropland habitats, avoiding forested areas. The species common name is derived from the number of toes found on its rear feet.', 'Small Animal', 1000, 1, 0, 2, 0, 0, 0, 0.71, 2.8657, 0, 27, 0, 1, 3, 0),
(46, 'Little Grebe', 0, 20, 'The Little Grebe, also known as Dabchick, is a member of the grebe family of water birds. At 23 to 29 cm in length it is the smallest European member of its family.', 'Bird', 2500, 2, 1, 2, 0, 0, 0, 0.69, 3.56238, 0, 999, 0, 1, 3, 0),
(47, 'White-Bellied Bustard', 0, 10, 'The White-bellied Bustard or White-bellied Korhaan is an African species of bustard.', 'Bird', 2000, 2, 0, 2, 0, 0, 0, 0.65, 2.9194, 0, 55, 0, 1, 3, 0),
(48, 'Bush Hyrax', 0, 25, 'The yellow-spotted rock hyrax or bush hyrax is a species of mammal in the family Procaviidae.', 'Small Animal', 2000, 2, 2, 2, 0, 0, 0, 0.68, 2, 0, 9, 0, 1, 4, 0),
(49, 'African Marsh Owl', 0, 20, 'The African Marsh Owl is a species of owl which is a mainly resident breeder in Africa and Madagascar.', 'Bird', 4000, 4, 1, 2, 0, 0, 0, 0.72, 3.66074, 0, 35, 0, 1, 4, 0),
(50, 'Dwarf Mongoose', 0, 50, 'The common dwarf mongoose, sometimes just called the dwarf mongoose, is a small African carnivore belonging to the mongoose family.', 'Small Animal', 3000, 3, 0, 2, 0, 0, 0, 0.71, 2.94236, 0, 18, 0, 1, 3, 0),
(51, 'Hooded Vulture', 0, 20, 'The Hooded Vulture is an Old World vulture in the order Accipitriformes, which also includes eagles, kites, buzzards and hawks. It is the only member of the genus Necrosyrtes.', 'Bird', 4000, 4, 1, 2, 0, 0, 0, 0.74, 3.50814, 0, 54, 0, 1, 4, 0),
(52, 'Smith''s Red Hock Hare', 0, 50, 'Smith''s Red Hock Hare is a species of mammal in the Leporidae family.', 'Small Animal', 5000, 2, 2, 2, 0, 0, 0, 0.74, 2, 0, 26, 0, 1, 4, 0),
(53, 'Southern Eland', 0, 50, 'The common eland, also known as the southern eland or eland antelope, is a savannah and plains antelope found in East and Southern Africa. It is a species of the family Bovidae and genus Taurotragus.', 'Large Animal', 5000, 5, 2, 2, 0, 0, 0, 0.3, 2, 0, 20, 0, 1, 0, 0),
(54, 'Domestic Chicken', 0, 25, 'Bird', 'Bird', 10, 2, 0, 2, 0, 0, 0, 0.5, 1, 0, 0, 0, 1, 0, 1),
(55, 'Greater Bushbaby', 0, 50, 'Greater Bushbabies are small, nocturnal primates native to continental Africa, and make up the family Galagidae. According to some accounts, the name "bush baby" comes from either the animal''s cries or appearance.', 'Small Animal', 3000, 3, 0, 2, 0, 0, 0, 0.73, 2.62173, 0, 8, 0, 1, 0, 0),
(56, 'Marabou Stork', 0, 20, 'The Marabou Stork, Leptoptilos crumeniferus, is a large wading bird in the stork family Ciconiidae. It breeds in Africa south of the Sahara, occurring in both wet and arid habitats, often near human habitation, especially waste tips.', 'Bird', 4000, 4, 1, 2, 0, 0, 0, 0.72, 3.58348, 0, 85, 0, 1, 0, 0),
(57, 'Southern Ground Hornbill', 0, 20, 'The Southern Ground Hornbill or cafer, is one of two species of ground hornbill and is the largest species of hornbill. It is a large bird, at 90 to 129 cm long.', 'Bird', 4000, 4, 1, 2, 0, 0, 0, 0.6, 3.56295, 0, 86, 0, 1, 4, 0),
(58, 'Domestic Cat', 0, 10, 'Animal', 'Animal', 10, 2, 1, 2, 0, 0, 0, 0.5, 1, 0, 0, 0, 1, 0, 1),
(59, 'African Elephant', 0, 50, 'African elephants are the species of elephants in the genus Loxodonta, one of the two existing genera in Elephantidae. Although it is commonly believed that the genus was named by Georges Cuvier in 1825, Cuvier spelled it Loxodonte.', 'Large Animal', 60000, 10, 2, 2, 0, 0, 0, 0.05, 2, 0, 21, 0, 1, 8, 0),
(60, 'Spot Necked Otter', 0, 50, 'The spotted-necked otter, or speckle-throated otter, is an otter native to sub-Saharan Africa. It is a smallish otter, 95-105 cm long, including the tail, and weighing 3.0 to 6.5 kg.', 'Large Animal', 5000, 3, 1, 2, 0, 0, 0, 0.6, 3.375, 0, 39, 0, 1, 5, 0),
(61, 'Leopard Tortoise', 0, 25, 'The Leopard tortoise is a large and attractively marked tortoise found in the savannas of eastern and southern Africa, from Sudan to the southern Cape.', 'Small Animal', 3000, 1, 0, 2, 0, 0, 0, 0.5, 2.78568, 0, 32, 0, 1, 5, 0),
(62, 'African White-Backed Vulture', 0, 25, 'African White-Backed Vulture is an Old World vulture in the family Accipitridae, which also includes eagles, kites, buzzards and hawks.', 'excluded bird', 4000, 4, 1, 2, 0, 0, 0, 0.69, 1, 0, 54, 0, 1, 0, 1),
(63, 'Lappet-Faced Vulture', 0, 20, 'The Lappet-faced Vulture or Nubian Vulture is a mostly African Old World vulture belonging to the bird order Accipitriformes, which also includes eagles, kites, buzzards and hawks. It is the only member of the genus Torgos.', 'Bird', 4000, 4, 1, 2, 0, 0, 0, 0.73, 3.49293, 0, 54, 0, 1, 5, 0),
(64, 'Nile Monitor Lizard', 0, 50, 'The Nile Monitor, Water Leguaan, or River Leguaan is a large member of the monitor lizard family. Nile Monitors can grow to about 9 ft in length. They have muscular bodies, strong legs and powerful jaws.', 'Small Animal', 2000, 2, 1, 2, 0, 0, 0, 0.7, 3.48947, 0, 36, 0, 1, 5, 0),
(65, 'Kori Buskard', 0, 60, 'The Kori Bustard is a large bird native to Africa. It is a member of the bustard family. It may be the heaviest bird capable of flight.', 'Bird', 2000, 2, 0, 2, 0, 0, 0, 0.66, 2.61792, 0, 30, 0, 1, 0, 0),
(66, 'Black and White Columbus Monkey', 0, 50, 'Black-and-white colobuses are Old World monkeys of the genus Colobus, native to Africa. They are closely related to the brown colobus monkeys of genus Piliocolobus.', 'Large Animal', 10000, 2, 0, 2, 0, 0, 0, 0.7, 2.125, 0, 37, 0, 1, 5, 0),
(67, 'Hippopotamus', 0, 50, 'The hippopotamus, or hippo, from the ancient Greek for "river horse", is a large, mostly herbivorous mammal in sub-Saharan Africa, and one of only two extant species in the family Hippopotamidae.', 'Large Animal', 55000, 10, 2, 2, 0, 0, 0, 0.1, 2, 0, 80, 0, 1, 8, 0),
(68, 'Ground Pangolin', 0, 60, 'The Ground Pangolin, also known as Temminck''s Pangolin or the Cape Pangolin, is one of four species of pangolin which can be found in Africa and the only one in southern and eastern Africa.', 'Small Animal', 3000, 3, 1, 2, 0, 0, 0, 0.63, 3.08333, 0, 41, 0, 1, 6, 0),
(69, 'Serval Cat', 0, 50, 'The serval, Leptailurus serval or Caracal serval, known in Afrikaans as Tierboskat, "tiger-forest-cat", is a medium-sized African wild cat. DNA studies have shown that the serval is closely related to the African golden cat and the caracal.', 'Large Animal', 15000, 4, 1, 2, 0, 0, 0, 0.61, 3.43754, 0, 48, 0, 1, 6, 0),
(70, 'Black Rhinoceros', 0, 50, 'The black rhinoceros or hook-lipped rhinoceros, is a species of rhinoceros, native to the eastern and central areas of Africa.', 'Large Animal', 50000, 10, 2, 2, 0, 0, 0, 0.12, 2, 0, 45, 0, 1, 8, 0),
(71, 'Kirk''s Dik-dik', 0, 50, 'Kirk''s Dik-dik is a small antelope found in eastern and southwestern Africa. It grows to 70 centimetres in length and weighs up to 7 kilograms when full grown.', 'Large Animal', 20000, 4, 2, 2, 0, 0, 0, 0.68, 2, 0, 17, 0, 1, 6, 0),
(72, 'Crested Porcupine', 0, 50, 'The crested porcupine is a species of rodent in the Hystricidae family.', 'Large Animal', 15000, 4, 2, 2, 0, 0, 0, 0.58, 2, 0, 43, 0, 1, 6, 0),
(73, 'Oribi', 0, 50, 'Oribi are graceful slender-legged, long-necked small antelope found in grassland almost throughout Sub-Saharan Africa.', 'Large Animal', 25000, 4, 2, 2, 0, 0, 0, 0.56, 2, 0, 81, 0, 1, 4, 0),
(74, 'African Wild Dog', 0, 50, 'African Wild Dog is a canid found only in Africa, especially in savannas and lightly wooded areas.', 'Large Animal', 25000, 7, 1, 2, 0, 0, 0, 0.5, 3.30203, 0, 56, 0, 1, 7, 0),
(75, 'Masai Giraffe', 0, 50, 'The Masai Giraffe or Maasai Giraffe, also known as the Kilimanjaro Giraffe is the largest subspecies of giraffe and the tallest land mammal. It is found in Kenya and Tanzania.', 'Large Animal', 47000, 10, 2, 2, 0, 0, 0, 0.13, 2, 0, 25, 0, 1, 8, 0),
(76, 'Domestic Dog', 0, 20, 'The domestic dog, is a subspecies of the gray wolf, a member of the Canidae family of the mammilian order Carnivora. The term "domestic dog" is generally used for both domesticated and feral varieties.', 'animal', 10, 2, 0, 2, 0, 0, 0, 0.5, 1, 0, 0, 0, 1, 0, 1),
(77, 'Striped Hyena', 0, 50, 'The striped hyena is a species of true hyena native to North and East Africa.', 'Large Animal', 2500, 7, 1, 2, 0, 0, 0, 0.47, 3.17092, 0, 28, 0, 1, 7, 0),
(78, 'Domestic Goat', 0, 25, 'animal', 'animal', 2500, 2, 2, 2, 0, 0, 0, 0.5, 1, 0, 0, 0, 1, 0, 1),
(79, 'Domestic Cattle', 0, 50, 'animal', 'animal', 10, 2, 2, 2, 0, 0, 0, 0.5, 1, 0, 0, 0, 1, 0, 1),
(80, 'Leopard', 0, 50, 'The leopard, Panthera pardus, is a member of the Felidae family and the smallest of the four "big cats" in the genus Panthera, the other three being the tiger, lion, and jaguar.', 'Large Animal', 30000, 7, 1, 2, 0, 0, 0, 0.44, 3.42426, 0, 31, 0, 1, 4, 0),
(81, 'Domestic Sheep', 0, 20, 'animal', 'animal', 10, 2, 2, 2, 0, 0, 0, 0.5, 1, 0, 0, 0, 1, 0, 1),
(82, 'Bohor Reedbuck', 0, 50, 'The Bohor Reedbuck is an antelope native to central Africa in the genus Redunca, that mostly lives in grasslands near water.', 'Large Animal', 30000, 4, 2, 2, 0, 0, 0, 0.45, 2, 0, 82, 0, 1, 7, 0),
(83, 'Bush Pig', 0, 50, 'The bushpig, Potamochoerus larvatus, is a member of the pig family and lives in forests, woodland, riverine vegetation and reedbeds in East and Southern Africa.', 'Large Animal', 30000, 5, 0, 2, 0, 0, 0, 0.42, 2.33591, 0, 10, 0, 1, 7, 0),
(84, 'Human', 0, 150, 'animal', 'animal', 10, 2, 0, 2, 0, 0, 0, 0.5, 1, 0, 0, 0, 1, 0, 1),
(85, 'Ostrich', 0, 20, 'The Ostrich is one or two species of large flightless birds native to Africa, the only living member of the genus Struthio.', 'Bird', 5000, 5, 2, 2, 0, 0, 0, 0.38, 2.125, 0, 38, 0, 1, 7, 0),
(86, 'Lion', 0, 50, 'The lion is one of the four big cats in the genus Panthera, and a member of the family Felidae. With some males exceeding 250 kg in weight, it is the second-largest living cat after the tiger.', 'Large Animal', 2500, 8, 1, 5, 0, 0, 0, 0.35, 3.22409, 0, 33, 0, 1, 5, 0),
(87, 'Topi', 0, 50, 'Topis are a highly social and fast antelope species of the genus '' Damaliscus.', 'Large Animal', 2500, 5, 0, 2, 0, 0, 0, 0.38, 2, 0, 52, 0, 1, 8, 0),
(88, 'Nile Crocodile', 0, 50, 'The Nile crocodile has a somewhat deserved reputation as a vicious man-eater. The proximity of much of its habitat to people means run-ins are frequent.', 'Large Animal', 16000, 6, 1, 2, 0, 0, 0, 0.15, 3.63713, 0, 16, 0, 1, 6, 0),
(89, 'Decaying Material', 0, 20, 'Decaying Materials are great sources of food for a variety of animals.', 'Resource', 1000, 0, 0, 0, 0, 0, 0, 0.5, 1, 0, 999, 0, 1, 1, 0),
(1001, 'Trees and Shrubs', 1, 5, 'Special', 'Plant', 40, 1, 0, 1, 1, 0.999, 0.999, 0.5, 1, 0.999, 0, 0, 1, 0, 0),
(1002, 'Plant Juices', 1, 5, 'Special', 'Plant', 20, 0, 0, 10, 10, 0.999, 0.999, 0.5, 1, 0.999, 0, 0, 1, 0, 0),
(1003, 'Fruits and Nectar', 1, 5, 'Special', 'Plant', 20, 0, 0, 1, 1, 0.999, 0.999, 0.5, 1, 0.999, 0, 0, 1, 0, 0),
(1004, 'Grains and Seeds', 1, 5, 'Special', 'Plant', 20, 0, 0, 1, 1, 0.999, 0.999, 0.5, 1, 0.999, 0, 0, 1, 0, 0),
(1005, 'Grass and Herbs', 1, 9, 'Grasses are among the most versatile life forms. They became widespread toward the end of the Cretaceous period, and fossilized dinosaur dung have been found containing phytoliths of a variety of grasses that include grasses that are related to modern rice and bamboo.', 'Plant', 40, 1, 0, 1, 1, 0.999, 0.999, 0.5, 1, 0.999, 8, 0, 1, 3, 0),
(1006, 'Crops', 1, 6, 'none', 'Plant', 20, 1, 0, 1, 1, 0.999, 0.999, 0.5, 1, 0.999, 0, 0, 1, 0, 0),
(1007, 'Acacia', 1, 30, 'Acacia is a genus of shrubs and trees belonging to the subfamily Mimosoideae of the family Fabaceae, first described in Africa by the Swedish botanist Carl Linnaeus in 1773.\n\n22% Plant Juices\n22% Fruits and Nectar\n22% Grains and Seeds\n33% Trees and Shrub', 'Plant', 2400, 1, 0, 1, 1, 0.999, 0.999, 0.5, 1, 0.999, 1, 0, 10, 1, 0),
(1008, 'Big Tree', 1, 50, 'Trees are an important component of the natural landscape because of their prevention of erosion and the provision of a weather-sheltered ecosystem in and under their foliage. They also play an important role in producing oxygen and reducing carbon dioxide in the atmosphere, as well as moderating ground temperatures.\n\n33% Plant Juices\n8% Fruits and Nectar\n25% Grains and Seeds\n33% Trees and Shrub', 'Plant', 3200, 1, 0, 1, 1, 0.999, 0.999, 0.5, 1, 0.999, 3, 0, 10, 5, 0),
(1009, 'Baobab', 1, 75, 'Baobab is a genus of eight species of tree, six native to Madagascar, one native to mainland Africa and the Arabian Peninsula and one to Australia. The mainland African species also occurs on Madagascar, but it is not a native of that island.\r\n\r\n23% Plant Juices\r\n23% Fruits and Nectar\r\n23% Grains and Seeds\r\n30% Trees and Shrub', 'Plant', 4400, 1, 0, 1, 1, 0.999, 0.999, 0.5, 1, 0.999, 5, 0, 10, 10, 0);

-- --------------------------------------------------------

--
-- Table structure for table `species_nodes`
--

CREATE TABLE `species_nodes` (
  `species_id` int(10) unsigned NOT NULL,
  `node_id` int(10) unsigned NOT NULL,
  `distribution` float unsigned NOT NULL DEFAULT '1',
  UNIQUE KEY `species_id` (`species_id`,`node_id`)
) ENGINE=InnoDB DEFAULT CHARSET=utf8;

--
-- Dumping data for table `species_nodes`
--

INSERT INTO `species_nodes` (`species_id`, `node_id`, `distribution`) VALUES
(1, 79, 1),
(2, 70, 1),
(3, 53, 1),
(4, 59, 1),
(5, 67, 1),
(6, 75, 1),
(7, 88, 1),
(8, 8, 1),
(9, 9, 1),
(10, 10, 1),
(11, 11, 1),
(12, 12, 1),
(13, 13, 1),
(14, 14, 1),
(15, 15, 1),
(16, 16, 1),
(17, 17, 1),
(18, 18, 1),
(19, 19, 1),
(20, 20, 1),
(21, 21, 1),
(22, 22, 1),
(23, 23, 1),
(24, 24, 1),
(25, 25, 1),
(26, 26, 1),
(27, 27, 1),
(28, 28, 1),
(29, 29, 1),
(30, 30, 1),
(31, 31, 1),
(32, 32, 1),
(33, 33, 1),
(34, 34, 1),
(35, 35, 1),
(36, 36, 1),
(37, 37, 1),
(38, 38, 1),
(39, 39, 1),
(40, 40, 1),
(41, 41, 1),
(42, 42, 1),
(43, 43, 1),
(44, 44, 1),
(45, 45, 1),
(46, 46, 1),
(47, 47, 1),
(48, 48, 1),
(49, 49, 1),
(50, 50, 1),
(51, 51, 1),
(52, 52, 1),
(53, 89, 1),
(54, 54, 1),
(55, 55, 1),
(56, 56, 1),
(57, 57, 1),
(58, 58, 1),
(59, 95, 1),
(60, 60, 1),
(61, 61, 1),
(62, 62, 1),
(63, 63, 1),
(64, 64, 1),
(65, 65, 1),
(66, 66, 1),
(67, 94, 1),
(68, 68, 1),
(69, 69, 1),
(70, 93, 1),
(71, 71, 1),
(72, 72, 1),
(73, 73, 1),
(74, 74, 1),
(75, 92, 1),
(76, 76, 1),
(77, 77, 1),
(78, 78, 1),
(79, 90, 1),
(80, 80, 1),
(81, 81, 1),
(82, 82, 1),
(83, 83, 1),
(84, 84, 1),
(85, 85, 1),
(86, 86, 1),
(87, 87, 1),
(88, 91, 1),
(89, 1, 1),
(1001, 7, 1),
(1002, 2, 1),
(1003, 3, 1),
(1004, 4, 1),
(1005, 5, 1),
(1006, 1, 1),
(1007, 2, 0.22),
(1007, 3, 0.22),
(1007, 4, 0.22),
(1007, 7, 0.34),
(1008, 2, 0.33),
(1008, 3, 0.09),
(1008, 4, 0.25),
(1008, 7, 0.33),
(1009, 2, 0.23),
(1009, 3, 0.23),
(1009, 4, 0.23),
(1009, 7, 0.31);

-- --------------------------------------------------------

--
-- Table structure for table `stats`
--

CREATE TABLE `stats` (
  `stat_id` int(10) unsigned NOT NULL AUTO_INCREMENT,
  `species_id` int(10) unsigned NOT NULL,
  `month` int(10) unsigned NOT NULL,
  `type` varchar(50) NOT NULL,
  `amount` int(10) unsigned NOT NULL DEFAULT '0',
  `player_id` int(10) unsigned NOT NULL DEFAULT '0',
  `zone_id` int(10) unsigned NOT NULL,
  PRIMARY KEY (`stat_id`),
  KEY `species_id` (`species_id`),
  KEY `zone_id` (`zone_id`)
) ENGINE=InnoDB  DEFAULT CHARSET=utf8 AUTO_INCREMENT=2956 ;

--
-- Dumping data for table `stats`
--

INSERT INTO `stats` (`stat_id`, `species_id`, `month`, `type`, `amount`, `player_id`, `zone_id`) VALUES
(1991, 13, 1, 'Eaten', 0, 2, 113),
(1992, 13, 1, 'Eaten', 0, 2, 113),
(1993, 13, 1, 'Eaten', 0, 2, 113),
(1994, 13, 1, 'Eaten', 0, 2, 113),
(1995, 20, 2, 'Birth', 0, 2, 113),
(1996, 31, 2, 'Eaten', 0, 2, 113),
(1997, 13, 2, 'Eaten', 0, 2, 113),
(1998, 13, 2, 'Eaten', 0, 2, 113),
(1999, 31, 2, 'Eaten', 0, 2, 113),
(2955, 3, 1, 'Purchase', 1000, 1, 155);

-- --------------------------------------------------------

--
-- Table structure for table `user_actions`
--

CREATE TABLE `user_actions` (
  `action_id` int(10) unsigned NOT NULL AUTO_INCREMENT,
  `manipulation_id` varchar(45) NOT NULL,
  `timestep` int(10) unsigned NOT NULL,
  `event` tinyint(3) unsigned NOT NULL,
  `node_id` int(10) unsigned NOT NULL,
  `biomass` double NOT NULL,
  PRIMARY KEY (`action_id`)
) ENGINE=MyISAM  DEFAULT CHARSET=utf8 AUTO_INCREMENT=3 ;

--
-- Dumping data for table `user_actions`
--

INSERT INTO `user_actions` (`action_id`, `manipulation_id`, `timestep`, `event`, `node_id`, `biomass`) VALUES
(1, 'd9fc96d2-b783-4b49-b3ad-28e293a997d4', 1, 0, 8, 20),
(2, '338f3a59-eff0-4869-bb7b-9fca458fb2e7', 1, 0, 16, 20);

-- --------------------------------------------------------

--
-- Table structure for table `user_actions_csv`
--

CREATE TABLE `user_actions_csv` (
  `manipulation_id` varchar(45) NOT NULL,
  `csv` text NOT NULL,
  PRIMARY KEY (`manipulation_id`)
) ENGINE=MyISAM DEFAULT CHARSET=utf8;

-- --------------------------------------------------------

--
-- Table structure for table `user_log_tpd`
--

CREATE TABLE `user_log_tpd` (
  `user_id` int(10) unsigned NOT NULL,
  `day_0` int(10) unsigned NOT NULL DEFAULT '0' COMMENT 'Unit: Second (Sun)',
  `day_1` int(10) unsigned NOT NULL DEFAULT '0' COMMENT 'Unit: Second (Mon)',
  `day_2` int(10) unsigned NOT NULL DEFAULT '0' COMMENT 'Unit: Second (Tue)',
  `day_3` int(10) unsigned NOT NULL DEFAULT '0' COMMENT 'Unit: Second (Wed)',
  `day_4` int(10) unsigned NOT NULL DEFAULT '0' COMMENT 'Unit: Second (Thu)',
  `day_5` int(10) unsigned NOT NULL DEFAULT '0' COMMENT 'Unit: Second (Fri)',
  `day_6` int(10) unsigned NOT NULL DEFAULT '0' COMMENT 'Unit: Second (Sat)',
  `date_start` date NOT NULL COMMENT 'First Day of Week',
  `date_end` date NOT NULL COMMENT 'Last Day of Week',
  KEY `user_id` (`user_id`)
) ENGINE=InnoDB DEFAULT CHARSET=utf8 COMMENT='User Log (Overall Time Spent Per Day)';

--
-- Dumping data for table `user_log_tpd`
--

INSERT INTO `user_log_tpd` (`user_id`, `day_0`, `day_1`, `day_2`, `day_3`, `day_4`, `day_5`, `day_6`, `date_start`, `date_end`) VALUES
(1, 0, 0, 0, 0, 187, 0, 0, '2013-03-17', '2013-03-23'),
(1, 21, 0, 0, 0, 0, 0, 0, '2013-03-24', '2013-03-30'),
(1, 0, 240, 2075, 0, 0, 0, 0, '2013-03-31', '2013-04-06'),
(1, 0, 0, 0, 0, 93, 429, 0, '2013-04-07', '2013-04-13'),
(1, 1994, 47777, 4021, 3207, 5539, 1451, 4685, '2013-04-14', '2013-04-20'),
(1, 7127, 1848, 1422, 0, 0, 0, 0, '2013-04-21', '2013-04-27'),
(1, 0, 33, 116, 622, 0, 0, 0, '2013-04-28', '2013-05-04'),
(1, 938, 1085, 866, 0, 0, 0, 0, '2013-05-05', '2013-05-11'),
(2, 0, 314, 0, 0, 0, 0, 0, '2013-05-05', '2013-05-11'),
(1, 0, 0, 3314, 0, 0, 0, 0, '2013-05-12', '2013-05-18'),
(1, 375, 0, 0, 4874, 1299, 0, 0, '2013-06-09', '2013-06-15'),
(1, 0, 1056, 5540, 0, 0, 0, 0, '2013-06-16', '2013-06-22'),
(1, 0, 0, 0, 238, 0, 0, 0, '2013-06-23', '2013-06-29'),
(1, 0, 0, 855, 0, 0, 0, 0, '2013-07-07', '2013-07-13'),
(1, 0, 0, 0, 295, 0, 0, 0, '2013-08-11', '2013-08-17'),
(1, 499, 1375, 0, 0, 2613, 0, 0, '2013-09-15', '2013-09-21'),
(1, 0, 0, 0, 272, 3388, 0, 0, '2013-09-22', '2013-09-28'),
(1, 0, 0, 0, 0, 504, 0, 0, '2013-10-06', '2013-10-12'),
(1, 0, 0, 0, 0, 4722, 0, 0, '2013-10-13', '2013-10-19'),
(1, 0, 0, 0, 0, 1094, 0, 0, '2013-10-20', '2013-10-26'),
(1, 0, 0, 0, 0, 232, 0, 0, '2013-10-27', '2013-11-02'),
(1, 0, 0, 0, 0, 387, 0, 0, '2013-12-08', '2013-12-14'),
(1, 0, 90, 3937, 0, 0, 0, 0, '2014-03-09', '2014-03-15');

-- --------------------------------------------------------

--
-- Table structure for table `world`
--

CREATE TABLE `world` (
  `world_id` int(10) unsigned NOT NULL AUTO_INCREMENT,
  `game_name` varchar(45) NOT NULL,
  `credits` int(10) unsigned NOT NULL DEFAULT '0',
  `play_time` int(10) unsigned NOT NULL DEFAULT '0',
  `time_rate` float unsigned NOT NULL DEFAULT '1',
  `seconds` bigint(20) unsigned NOT NULL,
  `year` int(10) unsigned NOT NULL DEFAULT '1',
  `month` int(10) unsigned NOT NULL DEFAULT '1',
  `days` int(10) unsigned NOT NULL,
  `max_players` tinyint(3) unsigned NOT NULL DEFAULT '1',
  `env_type` varchar(45) NOT NULL,
  `access_type` tinyint(3) unsigned NOT NULL,
  `game_mode` tinyint(3) unsigned NOT NULL,
  `creator_id` int(10) unsigned NOT NULL,
  `password` varchar(45) NOT NULL,
  `nature_controller_id` int(10) unsigned NOT NULL DEFAULT '0',
  `last_played` timestamp NOT NULL DEFAULT '1970-01-01 08:00:00',
  `create_time` timestamp NOT NULL DEFAULT CURRENT_TIMESTAMP,
  PRIMARY KEY (`world_id`),
  KEY `creator_id` (`creator_id`),
  KEY `nature_controller_id` (`nature_controller_id`)
) ENGINE=InnoDB  DEFAULT CHARSET=utf8 AUTO_INCREMENT=171 ;

--
-- Dumping data for table `world`
--

INSERT INTO `world` (`world_id`, `game_name`, `credits`, `play_time`, `time_rate`, `seconds`, `year`, `month`, `days`, `max_players`, `env_type`, `access_type`, `game_mode`, `creator_id`, `password`, `nature_controller_id`, `last_played`, `create_time`) VALUES
(128, '2''s World 62', 1500, 290, 1, 108, 1, 2, 48, 100, 'Savanna', 1, 0, 2, '', 0, '2013-05-07 06:47:01', '2013-05-07 06:41:49'),
(170, '1''s World 74', 1500, 138, 1, 139, 1, 1, 25, 1, 'Savanna', 1, 0, 1, '', 0, '2014-03-12 02:24:00', '2014-03-12 02:19:26');

-- --------------------------------------------------------

--
-- Table structure for table `zone`
--

CREATE TABLE `zone` (
  `zone_id` int(10) unsigned NOT NULL AUTO_INCREMENT,
  `env_id` int(10) unsigned NOT NULL,
  `type` tinyint(3) unsigned NOT NULL DEFAULT '1',
  `order` tinyint(3) unsigned NOT NULL,
  `row` int(10) unsigned NOT NULL,
  `column` int(10) unsigned NOT NULL,
  `manipulation_id` varchar(45) NOT NULL,
  `current_time_step` int(10) unsigned NOT NULL DEFAULT '1',
  `max_biomass` float unsigned NOT NULL DEFAULT '0',
  `prev_biomass` float unsigned NOT NULL DEFAULT '0',
  `total_biomass` float unsigned NOT NULL DEFAULT '0',
  `per_biomass` varchar(500) NOT NULL DEFAULT '',
  PRIMARY KEY (`zone_id`),
  UNIQUE KEY `row_column` (`env_id`,`row`,`column`),
  UNIQUE KEY `order` (`env_id`,`order`),
  KEY `env_id` (`env_id`)
) ENGINE=InnoDB  DEFAULT CHARSET=utf8 AUTO_INCREMENT=156 ;

--
-- Dumping data for table `zone`
--

INSERT INTO `zone` (`zone_id`, `env_id`, `type`, `order`, `row`, `column`, `manipulation_id`, `current_time_step`, `max_biomass`, `prev_biomass`, `total_biomass`, `per_biomass`) VALUES
(113, 113, 1, 0, 0, 0, 'b6105121-29ad-4fc3-ac19-c8850bbc6d36', 1, 15000, 0, 13000, ''),
(155, 155, 3, 0, 0, 0, 'c6427b6b-4cda-42ac-bdc1-5c95aa9a12f3', 1, 16000, 0, 16000, '');

-- --------------------------------------------------------

--
-- Table structure for table `zone_node_add`
--

CREATE TABLE `zone_node_add` (
  `zone_id` int(10) unsigned NOT NULL,
  `node_id` int(10) unsigned NOT NULL,
  `amount` int(10) unsigned NOT NULL,
  PRIMARY KEY (`zone_id`,`node_id`)
) ENGINE=InnoDB DEFAULT CHARSET=utf8;

-- --------------------------------------------------------

--
-- Table structure for table `zone_species`
--

CREATE TABLE `zone_species` (
  `group_id` int(10) unsigned NOT NULL AUTO_INCREMENT,
  `zone_id` int(10) unsigned NOT NULL,
  `species_id` int(10) unsigned NOT NULL,
  `biomass` int(10) unsigned NOT NULL,
  `pos_x` float NOT NULL,
  `pos_y` float NOT NULL,
  `pos_z` float NOT NULL,
  PRIMARY KEY (`group_id`),
  KEY `species_id` (`species_id`),
  KEY `zone_id` (`zone_id`)
) ENGINE=InnoDB  DEFAULT CHARSET=utf8 AUTO_INCREMENT=66 ;

--
-- Dumping data for table `zone_species`
--

INSERT INTO `zone_species` (`group_id`, `zone_id`, `species_id`, `biomass`, `pos_x`, `pos_y`, `pos_z`) VALUES
(62, 155, 20, 5000, 0, 0, 0),
(63, 155, 13, 5000, 0, 0, 0),
(64, 155, 31, 5000, 0, 0, 0),
(65, 155, 3, 1000, 0, 0, 0);

-- --------------------------------------------------------

--
-- Table structure for table `zone_species_change`
--

CREATE TABLE `zone_species_change` (
  `zone_id` int(10) unsigned NOT NULL,
  `species_id` int(10) unsigned NOT NULL,
  `biomass` int(11) NOT NULL,
  PRIMARY KEY (`zone_id`,`species_id`),
  KEY `species_id` (`species_id`)
) ENGINE=InnoDB DEFAULT CHARSET=utf8;

--
-- Dumping data for table `zone_species_change`
--

INSERT INTO `zone_species_change` (`zone_id`, `species_id`, `biomass`) VALUES
(113, 13, -2),
(113, 31, -1),
(155, 3, 825),
(155, 13, -1988),
(155, 20, -11),
(155, 31, -956);

-- --------------------------------------------------------

--
-- Table structure for table `zone_type`
--

CREATE TABLE `zone_type` (
  `zone_type_id` int(10) unsigned NOT NULL AUTO_INCREMENT,
  `contains_water` tinyint(3) unsigned NOT NULL DEFAULT '0',
  PRIMARY KEY (`zone_type_id`)
) ENGINE=MyISAM  DEFAULT CHARSET=utf8 AUTO_INCREMENT=4 ;

--
-- Dumping data for table `zone_type`
--

INSERT INTO `zone_type` (`zone_type_id`, `contains_water`) VALUES
(1, 1),
(2, 1),
(3, 1);

--
-- Constraints for dumped tables
--

--
-- Constraints for table `avatar`
--
ALTER TABLE `avatar`
  ADD CONSTRAINT `avatar_ibfk_2` FOREIGN KEY (`type`) REFERENCES `avatar_type` (`avatar_type_id`) ON DELETE NO ACTION ON UPDATE CASCADE,
  ADD CONSTRAINT `avatar_ibfk_3` FOREIGN KEY (`player_id`) REFERENCES `player` (`player_id`) ON DELETE CASCADE ON UPDATE CASCADE;

--
-- Constraints for table `badge_data`
--
ALTER TABLE `badge_data`
  ADD CONSTRAINT `badge_data_ibfk_1` FOREIGN KEY (`player_id`) REFERENCES `player` (`player_id`) ON DELETE CASCADE ON UPDATE CASCADE;

--
-- Constraints for table `consume`
--
ALTER TABLE `consume`
  ADD CONSTRAINT `consume_ibfk_1` FOREIGN KEY (`species_id`) REFERENCES `species` (`species_id`) ON DELETE CASCADE ON UPDATE CASCADE,
  ADD CONSTRAINT `consume_ibfk_2` FOREIGN KEY (`prey_id`) REFERENCES `species` (`species_id`) ON DELETE CASCADE ON UPDATE CASCADE;

--
-- Constraints for table `disease_infects_animal`
--
ALTER TABLE `disease_infects_animal`
  ADD CONSTRAINT `disease_infects_animal_ibfk_1` FOREIGN KEY (`disease_id`) REFERENCES `disease` (`disease_id`) ON DELETE NO ACTION ON UPDATE CASCADE,
  ADD CONSTRAINT `disease_infects_animal_ibfk_3` FOREIGN KEY (`animal_type_id`) REFERENCES `species` (`species_id`) ON DELETE NO ACTION ON UPDATE CASCADE;

--
-- Constraints for table `disease_infects_plant`
--
ALTER TABLE `disease_infects_plant`
  ADD CONSTRAINT `disease_infects_plant_ibfk_1` FOREIGN KEY (`disease_id`) REFERENCES `disease` (`disease_id`) ON DELETE NO ACTION ON UPDATE CASCADE,
  ADD CONSTRAINT `disease_infects_plant_ibfk_3` FOREIGN KEY (`plant_type_id`) REFERENCES `species` (`species_id`) ON DELETE NO ACTION ON UPDATE CASCADE;

--
-- Constraints for table `environment`
--
ALTER TABLE `environment`
  ADD CONSTRAINT `environment_ibfk_2` FOREIGN KEY (`player_id`) REFERENCES `player` (`player_id`) ON DELETE NO ACTION ON UPDATE CASCADE,
  ADD CONSTRAINT `environment_ibfk_3` FOREIGN KEY (`world_id`) REFERENCES `world` (`world_id`) ON DELETE CASCADE ON UPDATE CASCADE;

--
-- Constraints for table `log_chat`
--
ALTER TABLE `log_chat`
  ADD CONSTRAINT `log_chat_ibfk_1` FOREIGN KEY (`player_id`) REFERENCES `player` (`player_id`) ON DELETE CASCADE ON UPDATE CASCADE;

--
-- Constraints for table `log_initial_species`
--
ALTER TABLE `log_initial_species`
  ADD CONSTRAINT `log_initial_species_ibfk_1` FOREIGN KEY (`player_id`) REFERENCES `player` (`player_id`) ON DELETE CASCADE ON UPDATE CASCADE;

--
-- Constraints for table `param_table`
--
ALTER TABLE `param_table`
  ADD CONSTRAINT `param_table_ibfk_1` FOREIGN KEY (`zone_id`) REFERENCES `zone` (`zone_id`) ON DELETE CASCADE ON UPDATE CASCADE;

--
-- Constraints for table `score_csv`
--
ALTER TABLE `score_csv`
  ADD CONSTRAINT `score_csv_ibfk_1` FOREIGN KEY (`zone_id`) REFERENCES `zone` (`zone_id`) ON DELETE CASCADE ON UPDATE CASCADE;

--
-- Constraints for table `species_nodes`
--
ALTER TABLE `species_nodes`
  ADD CONSTRAINT `species_nodes_ibfk_1` FOREIGN KEY (`species_id`) REFERENCES `species` (`species_id`) ON DELETE CASCADE ON UPDATE CASCADE;

--
-- Constraints for table `stats`
--
ALTER TABLE `stats`
  ADD CONSTRAINT `stats_ibfk_1` FOREIGN KEY (`zone_id`) REFERENCES `zone` (`zone_id`) ON DELETE CASCADE ON UPDATE CASCADE;

--
-- Constraints for table `user_log_tpd`
--
ALTER TABLE `user_log_tpd`
  ADD CONSTRAINT `user_log_tpd_ibfk_1` FOREIGN KEY (`user_id`) REFERENCES `player` (`player_id`) ON DELETE CASCADE ON UPDATE CASCADE;

--
-- Constraints for table `world`
--
ALTER TABLE `world`
  ADD CONSTRAINT `world_ibfk_1` FOREIGN KEY (`creator_id`) REFERENCES `player` (`player_id`) ON DELETE NO ACTION ON UPDATE CASCADE;

--
-- Constraints for table `zone`
--
ALTER TABLE `zone`
  ADD CONSTRAINT `zone_ibfk_1` FOREIGN KEY (`env_id`) REFERENCES `environment` (`env_id`) ON DELETE CASCADE ON UPDATE CASCADE;

--
-- Constraints for table `zone_node_add`
--
ALTER TABLE `zone_node_add`
  ADD CONSTRAINT `zone_node_add_ibfk_1` FOREIGN KEY (`zone_id`) REFERENCES `zone` (`zone_id`) ON DELETE CASCADE ON UPDATE CASCADE;

--
-- Constraints for table `zone_species`
--
ALTER TABLE `zone_species`
  ADD CONSTRAINT `zone_species_ibfk_1` FOREIGN KEY (`zone_id`) REFERENCES `zone` (`zone_id`) ON DELETE CASCADE ON UPDATE CASCADE,
  ADD CONSTRAINT `zone_species_ibfk_2` FOREIGN KEY (`species_id`) REFERENCES `species` (`species_id`) ON DELETE CASCADE ON UPDATE CASCADE;

--
-- Constraints for table `zone_species_change`
--
ALTER TABLE `zone_species_change`
  ADD CONSTRAINT `zone_species_change_ibfk_1` FOREIGN KEY (`zone_id`) REFERENCES `zone` (`zone_id`) ON DELETE CASCADE ON UPDATE CASCADE,
  ADD CONSTRAINT `zone_species_change_ibfk_2` FOREIGN KEY (`species_id`) REFERENCES `species` (`species_id`) ON DELETE CASCADE ON UPDATE CASCADE;

/*!40101 SET CHARACTER_SET_CLIENT=@OLD_CHARACTER_SET_CLIENT */;
/*!40101 SET CHARACTER_SET_RESULTS=@OLD_CHARACTER_SET_RESULTS */;
/*!40101 SET COLLATION_CONNECTION=@OLD_COLLATION_CONNECTION */;
